kelime;stemming
Abara;değirmen su akı oluk
Abbağ;beyaz
Abi;ağabey
Acar;yen
Acimcik;
Adı batası;dom
Alaf şalaf;gerekmez ot topluluk
Ağaz;hayvan ilk süt
Ağal;bahçe ek kenar çalı çevir
Ağar;ağır
Ağca;pamuk iplik dokunan üzer hassas şey bulgur pamuk v
Ağzıcığı yumulasıca;öle
Ahacıka;i̇şte
Ahancık;i̇şte
Akaba;ek meyil
Alaancık;gittik yer kızar bir karı tür aart ayran yoğurt süt kullanılır
Amanat;emanet
Alafa gitmek;düşünme gitmek
Alemençik;serçe benzer bir kuş
Aleverti;boş boş
Aleyciği;
Aleyçik;ça ça kurulan yer
Aleyçik;i̇şçi yayl çadır
Alkış verme;du etm
Amanat;emanet
Anaç;tavuk yaş
Andız;bir tür ağaç
Angara;i̇mece
Annac;karş yamaç
Anşa;ayşe
Apışma;durup kalmak bir dur karşı
Arısilli;terte
Arnı Sakar;alnı orta beyaz
Arzılar;arzu
Asbap;giys çamaşır
Aşşa;aşak
Aval aval;şaşk şaşk
Avarlık;ticari olmayan sebz bahçe
Avcar;dolm tüfek atış hazırlamak kullanılan kapsül saçm barut kurş
Avırt;yanak
Avrat;kat eş kar
Ayam ayama dolaşıyor;baş dönüyor halsiz
Ayaz;soğuk
Aydöşşeğe;bir bitki tür
Ayı tapı;bir bitki eğrel ot
Aykırı;tam ters aksi
Azarlamak;kızmak
Azzık;yiyecek
Bacanak;han kız kardeş koca
Baldır;bacak
Baldırcan;patlıcan
Baldız;han kız kardeş
Balk;yıldır
Bambıl;koku kötü bir böcek
Baştangara;bir çeşit serç
Bayır;eğim ağaçs yer
Bazlama;yufk ekmek biraz kal olan sıcak bazlama yenilme hoş
Bedirik;çe anlam kullanılan bir söz
Bel;toprak kazma yarayan uç sivr kürek
Belcene;kurutul incir
Belemek;sarmak
Belleme;atlar semer eğer çıkarıldık sonr üşümeme sırt bağlanan
Bellemek;öğrenmek toprak kazmak
Berk;sık fazl
Beşirikli;elin iyi iş gelen elin çabuk
Beleş;bedav
Bıldır;geçen sen
Bibi;hal
Bider;tohumluk
Birti;biraz
Bişet;bir
Bişme;güveç
Bişşek;yayık ayran karıştırma yarayan çubuk
Biyaktan;önç
Bocit;sürahi
Boduk;camuz yavru
Boğasak;çiftleş zaman gel diş inek
Bohça;i̇çinde giyecek v dol kal bez
Bor;ek tarla ara ekilip sürül ot bol olan yer
Bostan;bağ bahçe
Bostan;salatalık
Boz;kül reng
Börk;takke
Börkenek;kapşon
Bukağı;hayvan hızl koşma önlemek ik ayak birbir bağlayan ip
Buncaaz;kadar kadarcık
Buncalı;sefer
Bunmuak;bunalmak
Burgu;uç kıvrık kesk bıçak
Buzağı;i̇nek yavru
Buzalamak;i̇neğin yavrulama
Bülük;erkek çocuk pipi
Bük;i̇çine girilemeyen çalılık
Büvelek;bir çeşit örümcek tür hayvan iğn atar
Büvet;su göle
Caalak;çağlayan
Cağlak;akarsuy ani ek neden hızl aktık yer şelale kadar dik değil
Calap;su kar
Callak;olgunlaş karpuz kavu
Cangama;laf kalabalık
Cardın;büyük fare
Carsa;bir kumaş tür
Cascavlak;üzer olmayan kel
Cavlak;soyul kel
Caygara;pınar kaynak
Cebelleşmek;i̇natlaşmak
Cec;saman ayrıl fakat elen tahıl yık
Cecit;yepyen pırıl pırıl
Ceflin;açıl tavuk
Cehez;çe
Cıba;dom yavru
Cıbıdığı çıkmak;ıslanmak
Cıdır;böğürtlen çalılık
Cıkıl;maden par
Cıkla;tamamen
Cılk;bozul yumur
Cıllcı;kavgaç oyun bozan
Cıllımak;oyun bozmak
Cır;aman dil em k
Cırlavuk;ağustos böcek
Cırrık;bir çeşit kuş tür
Cırtatan;tohum bir çeşit bitki
Cırtbağ;bir çeşit serç
Cırtık;tırnak iz
Cıvık;sıv katı olmayan
Cızzan;tahtaravel
Cızzık;çizg
Cibiliyetsiz;gevez yaramaz iyilik bilmez
Cilbirti;maki bitki çeşi
Cilkes;tamamen
Citil;küçük helkecik
Coruk;i̇şe yaramaz
Cukkuşu;baykuş
Culluk;hint
Cura;kıs boyl
Cuvara;sigar
Cücük;civciv
Cüllüp;hartlap ağaç meyve
Cüvab;cevap
Çağıl;genellik tarla temizlemek toplanan taş yık
Çaman;köz piş et
Çanak;yol çakıştık yer
Çandır;melez
Çarpana;kuş avlamak kullanılan lastik iç taş konulan der böl
Çatalavrat;bir böcek tür
Çebiç;oğlak büyük
Çebiş;tek
Çekke;çekirg
Çelik;ölçek
Çellik;tahta yapıl kg buğday alabilen tahıl ölçek
Çeltik;pirinç tarla hali
Çen;ceviz yarı
Çepel;bulaşık
Çeten;traktör römork üzer tahta ilave yapıl şekl bir çe saman
Çetil;fidan
Çevlik;akarsu yatak büyük viraj neden suy bir sür ters akıp tekrar
Çılbır;yumurta yapılan bir yemek tür
Çınkı;tuta
Çıtımık;menengiç bir bitki
Çıtırık;kırılma zor olan cev çıtırık
Çiğit;pamuk toh
Çimmek;yıkanmak
Çinçik;serç
Çinke;küçük parça
Çirpeden;bir an
Bocit;sürahi
Çitil;i̇çi kalay küçük bakır bakraç litre su alır
Çitlik;tarla bahçe kenar çit örmek kullanılan çalı
Çont;taş oynanan bir oyun
Çotul;ağaç kol ilk ayrıldık yer
Çömçe;büyük tah kaşık yannık ik çömç ayran al
Çul;keç kıl dokunan yayg olarak kullanılan düz desens dok
Çüven;davul tokmak
Dağdağan;tohum bir ağaç
Dalaykırı;yukar doğr
Dalgeçir;cep
Dam;ev
Damızlık;tohumluk
Dandik;dolm tüfek kötü
Dantil;dantel
Darbız;tarla nem alma
Davış;küçük bir hareket kıpır
Dayak durmak;payandalık yapmak dayak dur unluk beygir yükleyel
Dayramak;eskimek
Debiyak;önç
De hele;başl baka
Değilcikden;mahsus
Değne;bak
Dellenme;delilen
Demlik;sürek dönmemek üzer
Depik;tekm
Depki;tarhan aş karıştırma yarayan aygıt
Deşirmek;toplamak
Devlisigün;bir sonraki gün
Devrede;devir
Devrikisinde;öteki
Dezze;teyz
Dıkıl;gir
Dıkılmak;girmek
Dıkız;fazl taşk
Dırgıl dırgıl;yarık yarık
Dibek;büyük taş
Digrak;sık
Dikeç;çit kullanılan ağaç kazık bahçe ağıl bir yük dikeç gerek
Dil;anahtar
Dilbaz;güzel konuşan
Dillemek;kilitlemek
Dinei;dur
Diniyele;dinl hel
Dipili düşmek;ani orta çıkmak
Dirgen;ek sap pato atma yarayan alet
Dirizelinç Etmek;çekiştirmek
Dombalak;takl
Donuktu;durt
Dombalak;takl
Don kazanı;büyük bakır kazan
Don yumak;çamaşır yıkamak der perşemp gün ana yuyacak
Don;külot
Döğme;pilav maraş tarhana aşure yapım kullanılan değlip dövül
Döl;oğul
Duak;duvak
Dud;dut
Dulad;rüzgar ulaşmadık yer
Duluk;bir şey yan taraf bina yan taraf insan yanak
Dunukuyor;dökülüyor
Dutmaç;bir yemek tür hamur yapılır
Düneklik;kümes
Dürcü;dünürç
Düşek;tarla pay
Düve;doğur diş sığır
Düvecek;sar döven tokmak
E;i̇yi
Ebelik;ot
Ebire;ada
Ede;erkek kardeş abi
Eğrelti;meş ağaç
Ehliyel;ail birey topla
Ehliz;ehil
Ehmet;ahmet
Ekseri;genellik
Elbir;elç işbirlikç
Elefetsiz;manas
Eletmek;ulaştırmak
Ellehem;herhalde
Ellengeç;yengeç
Ellik;ek biçer parmak takılan tah koruyuç
Elllehem;herhalde
Emenmek;utanmak
Emilik;yen dok keç yavru biz ik emilik olt
Emmi;am
Encik;köpek yavru
Enis;aşak doğr meyil
Eniş;ramp
Erlik Gavırı;ermen
Eses;esans
Esga;ateş odun
Essah mı;sahi mi
Eşep;eşarp
Eşgere;apaçık
Et keseri;başka yer sa adlandırılan et kesme kullanılan alet
Evlek;tarla hat çekilme
Evseme;savurarak elem iş
Evsin;bir yer bekleyerek avlar buluduk yer gelme isteyen avcı iç
Fak;tuzak
Fakı;hoç
Fallik;yaramaz ahlaks
Fanilye;kazak
Farsak;kirl
Fas;i̇çi boş
Fasari;boş iş
Fedik;haşlan buğday
Fel fel;tir tir
Felan;tarla toh ekilme önç sürülme
Fıldırmak;fırlatmak
Fırıştak;topaç
Filtik Filtik;parça parça
Firez;kuru ek kök
Firik;olgunlaş olan
Fistan;kat elbise
Fol;tavuk alt konan yumur
Gabir;kabir
Gaçamak;mısır unun yapılan bir tür yemek
Gada;sık tas
Gallep;güverç
Gallep;güverç çocuk gallep avın git
Galli;sincap
Gallin;pipo
Galtak;kötü yaramaz kat
Gamga;ağaç kabuk
Gampık;ağaç kabuk
Gancık;diş köpek
Gapgacak;mutfak eşya
Gapıt;pardü
Gaplık;raf
Garaa;ağaç dal eğme yarayan çatal
Garaböcük;dom
Garangaz;yaşl ağaç
Garanışmak;hava kararma
Garı;yaşl
Gasbalık;kap
Gasıl;hayvan yeşil ot olarak yedirmek ekilen arpa başak çıkar
Gasıl;otun yararlanmak ekil arp
Gaspalık;bahçe kapı
Gaşşak;sık
Gavut;yalan
Gaygana;tava sahan yumur yemek yokt misafir gaygan yapt
Gazzık;kazık
Geçek;yol
Geçgele;tahta yapıl üzer yük taşıma yarayan aygıt
Geliç;ot
Gem;atlar kontrol yular birlik ağz takılan maden parça
Gem;döven harman sürm alet
Gem;hayvan ağz vurulur ek sap ezıp tane ayıran altıkesk
Gıcır gıcır;yen
Gıcırtı;kap ses
Gıç;ayak
Gıçıırık;kıçıkırık
Gıgırmak;ötmek
Gır;sarı yak renk
Gırat;ölçü kap
Gırklık;keç koy yüy kesme yarayan makas
Gısırak;kısrak
Gıska;ekilecek soğan
Gısmık;cimr
Gıtgırtı;tırtıl
Gıv etmek;takip etmek
Gıvrışık;kıvırcık
Gıyık;büyük iğn çuvalt
Gıyık;çuvaldız büyük
Gıyırgan;küçük ağaç parça kıymık
Gızılbacak;bir bitki
Gızınmak;isınmak
Gicişmek;kaşınmak
Gocabaş;şeker pancar patetes kısm
Gocunmak;alınmak
Goddik;ukal ufak
Golan;kıl yapılmıış halat
Goncolos;canavar ayın büyük gulyabani küçük
Gonursu;yan kıl toz
Gook;ağaç oyuk
Gopmak;koşmak
Goruverişin;bırakıver
Goz;cev
Gozan;kozan
Gö;yeşil
Gö;yetm
Göbelek;mantar
Göde;şişman
Gökgüdü;bir serç tür
Gölük;kötü cins
Gön;der
Görümce;koca kız kardeş
Grat;i̇ki çelik ölçek bir grat denir
Gubarmak;hav atmak
Gubarmak;hint horoz kuş tüy kabartarak kasılma
Gulunç;kürek kemik
Gunduz;kedigil bir ked
Gungulu gook;bir böcek
Gunnacı;yavrulayacak hayvan
Gunnamak;ked köpek yavru
Gurk;kuluçka yat tavuk
Gurmut;bir ahlat tür
Gusana;al yet litrelik ağz yayvan bakır kalay su süt kap
Guzluk;küçük baş hayvan ahır
Güccük;küçük
Gümbür;yayık
Günden yazı;gün taraf
Gürben;kutla
Gürgene;bir ağaç
Haası;hangi
Habban;kuş tutmak yapılan tuzak
Haçan;çabuk
Hakına;oğlak keç ara diş keç i̇ki hakına var sene süt veri
Hakına;doğur keç
Halbır;kalbur kasnak takı der lif yapıl elem kap
Halva;helva
Ham;olgunlaş
Hamıt;at boyn takılır
Hamlamak;yorulmak
Hamut;atlar pulluk gem çekme boyn takılan
Hamzan;çiriş otun kökü toz yapılan hamur el edilen teryak
Haral;büyük çuval
Hardalatsız;biçims
Hareni;or kazan
Harnıp;bir ağaç tür
Harnıp;keç boynızu
Hartlap;bitki
Hasan ka;ha kâhya
Hatça;hati
Hayıf;i̇ntikam
Hayma;gölgelik amaç ağaç sundur on üzer atılan dal
Helik;küçük taş parça
Helke;su kap ov
Heral;herhalde
Herif;bey
Heril;i̇pek
Hetif;üzüm döküntü
Hıllangaç;salıncak
Hıltan;kürdan
Hırsunmak;hor görmek
Hıvladmak;ürkütmek
Hiza;yan yan aynı paralel olm hali
Hobilik;yuvarlak
Hola;fol
Honturuş;biçims
Horalı;komik
Horanta;kalabalık
Horum;su bitki bak oluşan piramit şekl yık
Hota;kabada
Hozak;ham incir meyve
Hölümek;tohum tarla ekme önç ıslatmak
Hölümek;buğda su karıştırmak
Höörmek;yük sesl ağlamak
Hörtük;i̇şe yaramaz
Hörtük;argo bir beddu
Icıcık;
Irahmatlık;rahmetlik öl
Irbık;i̇brik
Irgat;i̇şçi
Irızık;rızk
Isdar;çul çuval kil dok tezgah
Işgın;bitki ağaç filiz
Işgın;fil
Işgıye;eşkı
Işımadan;sabah olma
İbili;bir kuş
İdare;lamba aydınlat araç
İğlemek;zayıflamak
İğdiş;erkeklik al tek
İkan;i̇ken
İliksiz;yaramaz gevez
İnne;i̇ğne
İnnelik;bitki
İpissiz;kims yok
İrellek;sonr iler taraf
İrkme;biriktir
İsilik;vücu değişik yer oluşan kızar i̇rişgit et sucuk
İta;un koyulan sofr
İtburnu;kuşburn
İtee;ekmek yaparken üzer un konulan büyük kal bez
İteğe;ekmek yaparken hamur tahta alt kullanılan üzer un dökülen
İvil İvil;telaş iç
Kakılı;oldukç fazl
Kalbur;buğday elek
Kamgı;ağaç kabuk
Kanalga;konakla yer
Kapız;taşlık arazi
Karaaş;kar kış
Karaböcük;dom
Karadul;bir böcek
Katıklama;ayran herhangi bir şey karıştırıl hali
Kav;i̇nce der
Keeni;küçük çap
Kele;bayan bir hitap söz
Kellenkeste;kertenke
Kemın;kimyon
Kenger;bir bitki
Kepir;kayalık yer
Kepmek;yıkılmak
Kerevet;se
Keri;sonr
Kertik;çen
Kertiş;kertenke
Kesge;ocak yarı yan odun parça
Kesme;meş
Keş;arp buğday tahı eledik sonr sara üst kalan ar
Kımıldamak;kıpırdamak
Kıpırtı;hafif s
Kiktik;küçük sabu
Kindel;ta
Kirç;dut meyve ham
Kirkit;dokumacılık kullanılan bir aygıt
Kirmen;i̇p eğirmek dört çapraz kanat tahta yapıl
Kirmen;koy yün keç kıl ip yapma yarayan bir aygıt
Kirmeni;bağl
Kirve;sünnet olan çocuk tu kiş
Kolan;halat
Kökgüç;uç sivr sop
Kömbe;börek
Kömeç;bir bitki
Könçek;külot
Köre;demir alet yapılan yer
Köryapalak;yara
Köstek;man sığır hareket kısıtlamak bir ayak bağlanan ağırlık
Köstü;köstebek
Köstü;faregil bir hayvan
Köşger;der işi ugraşan kiş
Köşşek;deve yavru
Köşt;i̇skemle
Köynek;giys atlet
Kuzgun;kuze bakan soğuk yer
Küçcürek;küçük
Küncü;su
Künde;gün
Küpmül;küncü toplan hali
Küren;yaban hayvan sürü
Kürü;at yavru ilk gün ad
Kürümek;i̇leri doğr süpürmek
Küşne;burçak
Ladır;i̇kinci askerlik
Langır lungur;tantana gürültü
Lemerme;nemlen
Lepe;lap
Lepeç;eziklik
Lığlak;aşak doğr meyil
Lolamak;toprak yer üzer silindir sıkıştırmak
Loo;sil şekl taş
Loş;birbir karıştırıl yemek düğün yemek
Lök lök;büyük büyük ir ir
Lök;büyük salyangoz
Löküs;aydınlat cihaz lüks
Lös;hantal
Löstür;şişman
Maa;uzun ağaç
Maara;mağar
Mahrama;havlu
Malağma;harman dövülen sap tane saman ayırmak yık halin
Malak;ayı yavru
Malama;tort çöp
Malamat olmak;rezil olmak
Malamat;etraf rahatsızlık veriç gürül
Malamat;rezil
Manca;çoban salata
Mangır;par
Mantıfar;sar renk bir çeşit çiçek
Mantız;bir tür ızgara mangal
Maraz;hastalık
Maşat;çamaşır manda
Matrap;saban kullanılan küçük sop
Meke;mısır
Meses;uzun sop
Meses;saban çift sürülür hayvan ürkütme yarayan bir sop
Meta;kadar
Mıcık;çamur
Mıdıklı;alıngan
Mık;çiv
Mıkla;yak piş yumur
Mıktar;muhtar
Mıraz;murat istek
Mırık;bataklık halin gel çamur
Mıymıntı;elin iş gelmez ada
Milek;akarsu kenar mil toprak bulunduk alan
Miltan;gömlek
Misilli;güzel iyi
Mitil;eski parçalan
Mitil;parçalan bez yık
Motor;traktör
Mottik;küçük düz taş
Mucuk;küçük sinek
Mulla;moll
Mundar;et yermeyen hayvan
Muşduluk;müjdelik
Nacak;bal
Nakit;vakit
Namtı;saps bıçak
Navtıcın;yapacak
Navutuyon;yapıyor
Neceez;
Necimiş;ne
Nedii;
Nen söylemek;ninn söylemek
Nenceez;
Nene;nine
Ninemeli;gerek var
Nedii;
Oba;el yabanç yurt
Ocaklık;ateş yakılan yer
Oha;kaba uyar
Okuntu;dük davet edilir verilen hedi daveti
Omuzlağ;omuz taşınan odun
Oncaaz mı;kadar
Ondan kerli;on sonr
Ordanarı;or öyl
Orklemek;bağlamak
Ota;kadar
Oval;halk
Ödü ağca;korkak
Ölgeez;ölmek üzer
Önlüün körü;bir tür ilen beddu
Örk;çayır hava bir bölge ayrılma yayılma uzun bir hala bir
Örme;genel büyük baş hayvan bağlamak kullanılan bir tür ip
Örsüdü;yürü
Örtük;kapa
Öteberi;i̇htiyaçlar
Öteçe;ö taraf
Öteen;geçen gün
Öteyece;ötek taraf
Palaz;yer serilen kal çul
Palaz;keklik yavru
Palazı çıkmak;yer serilmek
Paldın;atlar semer eyer vücûduna bağlayan kuşak
Palıt;palamut
Pampal;gelincik çiçek
Partutuş olmak;el ayak birbir dolaşmak
Patısga;patiska
Patik;çocuk ayakkabı
Pavkırma;yırtıç hayvan ses
Pazen;bir çeşit kumaş
Peh;güzel
Pehlil;zaval
Pereden;ani
Perekente;peraken
Peşkir;havlu
Pırnat;ek deme
Pırtı;elbise
Pısacak;saklanacak
Pıslan Patır;saklambaç
Pıslanıb;saklanıp
Pıslanpatır;saklanbaç oyun
Pısmak;saklanmak
Pıtık;ardıç tür
Pin;kümes
Pinnik;kümes
Pontil;pantolon
Portmak;bir delik geçmek
Portmak;boşanmak
Potuk;camuz man küçük yavru
Pur;kur kil görünüm verims toprak
Pus;si
Pür;yanıç çam yaprak topluluk
Pürçük;mısır püskü
Püsü;ked
Revan;yürüyüp gitmek
Riayet;uymak
Rivayet;hikaye söylen
Sabı;sübyan çocuk
Sabık;acel çabuk
Saca;üzer yemek pişirmek kullanılan demir alet
Sağantası;al yet litre süt alabilen hayvan süt sağmak kullanılan maden
Sakga;fasulye badem çekirdek palamut ik parça
Sakıldak;koyun sıv dışkı ark bacak yün yapışarak kuruma
Salak;i̇çerisi kısmen ıslak geniş alan
Salıg;i̇pucu
Samı;saban kullanılan öküz boyn getirilen kıs
Saprasekil;gelişigüzel
Sarat;büyük kalbur
Sarat;büyük gözenek elek
Sarp;çıkılma güç yer
Satır;bıçak
Satır;helk kov
Satır;i̇çi kalay bakır bakraç su taşıma kullanılır litre su alır
Seen;tabak teps
Seğirtmek;biraz acel koşmak
Seğmen;gel alay
Sehen;bakır tabak
Sehep çıkma;tan
Sehil;alçak eng
Selinti;nehir yakalanan odun parçalan
Selinti;sel sürükledik çöp
Seyrelmek;sık olmamak
Sıklat;sıcak
Sıklatsıramak;fazl ıs neden bunalmak
Sıpa;eşek yavru
Sıygal;kaygan
Sıypınmak;kıç üst oturarak bir yer aşak kaymak
Sıypınnak;pur toprak oluşan yamaç
Sille;tokat
Soğukluk;sem ot
Solan;dinlendirilen tarla
Soyka;argo öl üzer çıkan giys
Sömelek;küçük ufak
Suluk;sap demir bıçak
Sülemen;süleyman
Süllüm;merdiven
Sülük;salyangoz
Süngüç;baş işaret parmak uç ara uzunluk ölçü
Sürdürgü;kamış yapıl dü
Sürelge;sürülen tarla
Sürgeç;bulaşık sünger
Süük;çelenk
Süük;toprak ev üst çık
Süven;uzun ağaç
Şakül;duvar terazi
Şaplak;el iç vurulan tokat
Şapta;haym yapım dal tutmak kullanılan sundur
Şarlak;çağlayan
Şebeden;hoş koku yaln koklamak yetiştirilen bir kavu cins
Şehre;biçil ekin yık şekl değil çember şekl istiflenme
Şelek;bir kişi sırt taşıyacak kadar odun çal biçil ek yük
Şelek;yük
Şeş;datel şekl kat baş örtü
Şif;pamuk çalı toplama hazır hale gel pamuk iç barındıran kap
Şifan;yulaf
Şinci;şimt
Şipidik;alkış
Şire;tatl
Şişek;doğur koy
Şişek;kuz koy ara diş koy biz ik şişek var
Şivşirmek;kışkırtmak
Şoora;şur
Şor;laf
Taka;tah çardak
Taktacı;tahtaç
Taman;det yapt ben san anahtar vert taman
Taman;hani bilir
Tamaşa;seyir
Tandır;üzer çörek pişen yass taş
Tantana;boş laf
Tapına düşmek;denk düşmek
Tapkı;sop
Tarpadan;ani
Taşkala;dalga geçmek
Tav;kıvam gelmek
Tavatır;fek güzel
Tavlak;cev
Tavlar;üzer kapkacak koymak raf oluşan tezgah
Tavlar;mutfak kap kacak koymak yapıl raf
Tavlı;i̇yi besi
Teberik;biricik
Teh;güzel
Teke;erkek keç
Teleme;keçi yen sağıl süt yapılan bir tür peynir
Telis;ke torp
Tengerek;yuvarlak
Tergemek;bırakmak
Tesbi;makigil bir bitki
Teselleme;misal vermek
Test;büyük leğen
Teşt;leğen
Tevir;çeşit
Tıngırık;çinko parça
Tırıp;pek
Tırıs;hızl süratli
Tırpan;ek biçme kullanılan aygıt
Tille;beygir yük sarmak semer ik yan halat yapılan üzeng
Tindirik;el or parmak vurulan fisk
Tingmek;fırlamak
Tinkitmek;sıçratmak
Tintirik;fisk
Tokaç;çul yıkama yarayan kal sop
Toklu;boynuz gürp koç
Toklu;erkek koy
Töde;saman yık
Tuluk;tul halin çıkarıl keç deri yapılan su taş araç
Tummak;su dalmak
Tusbaa;kaplumbak
Tutam;demet el genişlik kadar uzunluk ölçü olarak kullanılır
Tük;soğa baş
Ufra;ekmek yaparken hamur kıva veren un
Umsuluk;bunalmak sıkıntı girmek
Unnuk;un ayrıl buğday
Urubla;çeyrek ta
Urup;dört bir
Uruplağa;tahta yapıl kg buğday alabilen tahıl ölçü kap
Uundu;bebek ağlayarak kent geçme
Uyluk;bacak bud
Üleş;kok hayvan ölüs
Ülüş;komşu yemek verm
Ürmek;köpek ses
Ürtmek;mağlup etmek
Ütüzlenmek;süslenmek
Üvez;sivrisinek
Üzengilik;gel indirir gel verilen bahşiş
Varışın;var
Vasayıt;binek araç
Vayvilim;figan ağıt
Velvele;gürül
Verecekli;borç
Vıcık vıcık;sulandırmak
Vıddırıvızzık;i̇şe yaramaz nesn
Vırtgel;aynı yer gidip gelm
Vıykıraak;bağırmak
Vıykırınca;bağır
Vızır vızır;çarçabuk gelip geçen
Vızırtı;boş konuş
Vızzık;sigar izmari
Vizzo;huylandırmak
Yaalık;eşarp
Yaba;saman atma yarayan kürek
Yadırgı;yabanç
Yağlık;ter silmek kullanılan baş örtü el kullanılan ment el yağlık
Yalak;çukur
Yalık;eşarp
Yanaz;aksi
Yanaz;alan dış taç
Yannık;der yayık tul
Yanza;aksi
Yapık;kirl saç
Yarpız;nane andıran bir ot
Yartnak;ağaç kabuk
Yasyalbırdak;üzer giyecek bir şey kalm
Yasyapıldak;bir baş kalmak
Yavan;yağs
Yavsı;sinek
Yazı;ov düz alan
Yazı;tarla ov
Yazlak;köy iç yaz ser ols çıkılan kısmen yük yer
Yeğni;hafif
Yekinmek;kalkmak
Yelyepelek;telaş bir şekil
Yetmek;olgunlaşmak
Yılgın;bıkk
Yırak;uzak
Yiyen;yeğen
Yonga;odun kesilir oluşan kır
Yosa;yoks
Yörep;akabe arazi
Yumuş buyurmak;biri bir yapma istemek buyurmak
Yumuş;i̇ş
Yunak;yıka yer
Yüklük;yatak konulan yüksekç raf
Yületmek;keskinleştirmek
Yüzeyapışkan;bir böcek
Yüzgaç;ağaç kabuk yüzen işçi
Zaar;herhalde
Zaati;zaten
Zabit;tutanak
Zavara;un bulgur kepek hayvan yiyecek
Zehmeri;kar kış soğuk
Zehre;kışlık tahıl
Zelbir;ham kurş yapılan saçm
Zerzembil;i̇çinde tahıl v saklandık karanlık yer
Zıbarmak;ölmek
Zıbın;gömlek bebek giysi
Zırnık vermemek;hiçbir vermemek
Zibil;hayvan gübre çöp yık
Zikke;totrak çakılan demir kazık
Zillenmek;filizlenmek
Zincer;böğürtlrni andıran biken bir bitki
Zobu;tüst iş yaramaz zop uzan yatıyor
Zopur;i̇nce ince yağan hafif yağmur
Zubban;bir tür kuş
Zumzuk;yumruk
Aba;abl
Abani;baş örtü
Abat olma;zeng olm
Aburcubur;karışık
Abruka;çevir kontrol alt al
Abrul;nisan
Acamı;acem
Accuk;olan
Acap;acep
Aclanmak;acıkmak
Adamakıllı;doğr dürüst
Adref;etraf çevr
Afkurma;sinirlen
Afur;ahır
Aga;arkadaş
Agıbet;gelecek
Ağanamak;i̇nlemek anlamak
Ağarlamak;misafir etmek
Ağartı;yar açık hav
Ağır;yavaş hareket e
Ağırmak;yük sesl bağır
Ahacuk;i̇şte
Aha;bura i̇şte
Ahmak;aptal salak
Akak;orman su akmayan taşl su yol
Akınmak;kayak kaymak
Akunduruk;çam sakız reç
Akunduz;geniş yaprak yabani bitki
Akuru gitme;yamaç yer düz git paralel
Alaf;hayvan yiyecek
Alamuk;yar güneş hav bunaltıç sıcaklık
Alartı;aydınlık
Allancak;hamak
Alaşağı;horon eğil
Alemeşkere;alani açık yapma
Aluşuk;devam gelen alışkan uç yanan odun
Amade;hazır olan
Amel;i̇shal
Andaval;salak aptal
Andır;ad bilinmeyen i̇şe yaramayan
Andır kalsın;uzak durs
Angaz;büyük ağır hantal eşya
Angut;aptal avanak
Annak;meydan görünür
Annaklama;gözetle bakm
Anlak;açık alan
Argış;yük taşıma verilen mol
Arpacık;göz çıkan sivil ekilecek küçük soğan
Arısokması;ar ısırma
Arkuru;paralel
Arkurulamak;yan taraf doğr gitmek
Artuk;yemek ar kalan
Aruk;zayıf
Aruklama;zayıflama
Aşak;yün ip yapma araç
Aşar;olg turş
Aşana;ev giriş kısm
Aşıkatma;yarış rekabet
Aşlama;meyv ağaç aş ekle
Aşki;olay neden bell olma
Aşmak;geçmek
Aştı;geçt
Atkı;omuz alınan ört şal
Atlak;dere kolay geçm yer
Atlama;ayıkla fın ocak buda yapmak
Avcuk;ell iç kısm a
Avu;zehir orman güll
Avuz;dok yapan inek ilk süt
Ayam;hav hav dur
Ayama;takm ad lakap
Ayalama;kor yetiştir
Ayetse;yavaş yavaş
Ayırtlama;temizle
Aykuru;ters
Aylak;avare gezen
Ayı kulağı;zehir bitki
Azgun;çılt del
Azık;yolculuk bahçe yenecek yemek
Azma;olduk fazl gözük geliş
Azman;melez
"Bahçe.Fındık bahçesi. 
Bad";koy gecele yer
Baddal;geniş bol
Bahalı;fiyat
Bakraç;kupl süt su kap
Balçık;su çamur
Baldıran;yabani bitki
Bannık;yabani mor çiçek bitki
Bar;beyaz küf
Baraballi;taba çeşi
Bardabaş;gürül yapan kiş
Bat;tah avlu çit
Batıl;geçers
Batırma;sokm delm
Batman;bir sür ağır
Basuk;zayıf cıl çocuk kıs cüç
Basur;mayasıl kaş
Başak;toplama kalan fın soğla
Bayak;önç dem
Bece;geç
Bed;kötü çirk
Beduru;kuy kazan
Bel;çatal ağız tar alet
Bellemek;toprak işlemek
Belertmek;göz iyi açmak korkutmak
Berata;taba çeşi
Bere;koy sak yer
Beri;bura
Besbelli;herhalde bell
Beşbıyık;muşm meyve
Beter;fena
Beylik;fabrikasyon
Bezene;bezelye
Bıldır;geçen sen
Bızdıklama;hızl koşmak tekm
Bıllak;parlak
Biçik;yen doğan buzak
Bibi;büyük hal
Bidutam;biraz
Bile;beraber
Bileki;ekmek pişirilen kap
Bidorama;azıcık
Bisürü;fazl
Bişi;önem gizl söz
Bitduma;azıcık
Bittik;minnacık
Boduç;ağaç kap
Bohça;bez sarılarak taşınan eşya
Bostan;hıyar
Boydak;yaln baş
Boyuna;sürek devam
Bozaltı;alaç karanlık
Böce;fasulye
Böçük;böçek
Böğün;bugü
Böğür;göğüs
Börmek;uzun sesl öksürmek
Börülce;yabani bitki
Bucaklık;ev mutfak odas
Buğuz;eziyet zülum
Buğuz etme;eziyet zülum etm
Bukma.;ters çevire sıkm
Bulaşuk;i̇spiyoncu
Bunamak;can darlanmak sıkılmak
Buruk;aç
Buymak;üşümek
Bük;düzlük arazi
Bükük;eğr olan
Büngüldemek;yer duramamak oynak
Bürümcek;beyaz başörtü
Büsumuk;bunaltıç sıkıç kapa
Büz;beton bor
Büzük;topl buruşuk kırış
"C-  
   
Cadaloz";geçims çirkef
Cahal;bilgis cahil
Cahdetmek;azimetmek
Camedan;vitr cam arka
Cam Işığı;gaz lamba
Camadan;keç kıl sırt çanta
Camış;man
Canketme;yen anla akl baş gelm
Caplama;kal keres cı
Cara;akın
Caranak;sağnak yağmur
Cavaloz;sincap
Caydak;yaln tek baş
Cazgır;konuşan
Cazı;kurnaz hırç fesat kat
Ceccal;yaramaz çocuk
Celecoş;keş pişirilerek yapılan yemek
Celep;koy sürü dava
Cember;başör çeşi
Ceek Garga;bağıran alakarg
Cenderme;jandar
Cenik;yayla gör sahil
Cepken;yağmurluk
Cerahat;i̇ltahap i̇rin
Cereme;zahmet eziyet sık
Cerlemek;sinirlen bağır
Cıbban;alkış
Cıbıl;yır pır giyinen yar açık elbise
Cıbıldak;çıblak yoksul
Cıdık;dal kuş kapan
Cıftır;hızl şekil
Cılga;küçük ark ince su yol dar yol
Cılk;su bozul yumur
Cımbış;komiklik şak
Cındık;küçük
Cıngıl;küçük su kap
Cırankettirmek;vurmak s çıkartmak
Cırcır;i̇plik sarm alet devam olan s
Cırıfta;küçük ekmek kızart
Cırıtla;hamur iş yak pişen lokm
Cırım cıngıl;fazl yır pır
Cırmak;kök ağaç kök
Cıscıbıl;çırılçıplak
Cırtlık;küçük çal kuş
Cızan;oyun bozan
Cızıltı;i̇nce sızan akan i̇nce s
Cızmak;çizmek
Cibilliyet;soy sülale secer
Cicik;mem göğüs
Cidduk;küçük sevim çoçuk
Ciğik;küçük s
Ciğikleme;gizl gözetle
Cilim;yapışkan çam ağaç
Cimbar;harabe yer
Cimcik;cim
Cinibiz.;kesk zeka kurnaz
Cingan;çingen
Civirtmak;i̇shal oyun çıkan
Cont;lastik çizm poti
Cöbre;su al ezik üz posa
Cöbül;süzülecek üz şıra
Cufar;zehir
Cufarlanmak;sıcak bunal zehirlen
Cücük;civciv
Cümbürcemat;kalabalık
Cürüm;çevr etraf
"Ç-                                                                                         
Çakıldak";olma ham meyv
Çalan;şelale
Çaldırmak;uyumak
Çalık;bakıms zayıf
Çalım;gösteriş cak
Çalımsatma;gösteriş yapma
Çalpalamak;çalkalamak
Çalpara;kalay tencer
Çangal;uzun fasulye sırık
Çarpık;felç
Çaplama;sallamak
Çapula;ayakkap
Çaput;kal bez parça esk elbise
Çardak;çat kısm
Çatmak;rastla rast gelm
Çavgun;sağnak yağmur
Çavun;i̇z
Çaytak;bacak dış eğr kims
Çebiç;keç yavru oğlak
Çeç;ayıklan tane fın
Çekek;küçük gemi barınak
Çekerez;bir sincap çeşit
Çekişme;ağız kavga
Çelik;oyun kıs çubuk
Çençük;kap kili manda
Çendik;i̇şaret iz
Çenti;dastar yapılan süsl çanta
Çentik;çizik kertük yiv
Çeltuk;i̇çi boş fın çotanak
Çepin;küçük kazm
Çepni;karade bölge yerleşen türkmen boy
Çettüğüm;kördük
Çıban;büyük der sivil
Çıbarca;eğrel ot çeşi
Çıkıntı;ev sonra ilave edeilen o görülen uç
Çıkrık;yün iplik yapma tezgah
Çılmık;i̇nce çubuk
Çılpı;doğrul
Çıngıl;sakık sallanan
Çıpır;alaç renk
Çıpırdak;parlak renk
Çıtır;i̇nce sık dall diken
Çıtlaböcü;ateşböcek
Çıtlak;ateş parça kıvılç
Çibre;yaz yazm uç dolmakalem uç
Çiğselti;i̇nce yağan yağmur çiğs
Çil;yen çimlen toh
"Çileklik           Çalı çileği.Yaprağından çorba yapılan çilek. 
Çillenme";tohum çimlenme yeşerme
Çilli;yüz göz benl
Çimmek;yıkanmakyunmak
Çit;küçük sebz bahçe
Çitemek;dikmek tutturmak
Çitlak;küçük ateş parça kıvılç
Çivil;küçük tane
Çivit;çekirdek
Çizelti;hafif yağan yağmur
Çomak;kıs çubuk
Çort;diken fundalık alan
Çökelik;yoğurt yapılan kur peynir
Çömen;ot yık otluk
Çömez;acem
Çöllemek;bahçe meyv çalm
Çölük;küçük ağaç parça kur ince dal
Çöör;mısır alt sap kısm
Çöten;mısır kurutulan ambar dar ambar
Çörtük;yabani küçük armut ağaç
Çükelik;çökelek kurutulan ayran peynir
Çürük ayı;temmuz ağustos aylar denir
"D- 
Da";göster sıfa
Dadanık;alışk
Dadanmak;alışmak devam olamak
Dadduk;sevim
Dadlı;tatl
Dağarcuk;meş der çanta
Dalaşma;kavg etm i̇t kavga
Damlalık;çatı alt kısm
Dandik;eğr büyr
Danil;gevez dangalak
Darı;mısır
Darlanma;sıkıl bunal
Dastar;yün iplik kil
Daşgun;sel yağan yağmur
Davun;zehir veba kötü
Dayança;kol değnek destek
Dazırtlatma;hav gönder yellen
Dayaşgan;destek yapmak
Debertmek;karıştırmak debelemek
Debme;sıkıştır
Değermen;değirmen
Değme;dokun temas
Dekmük;tekm
Denizlik;pencer cam ön beton
Depebızdık;takl atmak
Depmek;ayak sıkıştır vurm
Depreşme;geliş oynak
Depük;kur hav ıslak olmayan
Derbey;lüks lastik ayakkap
Derleme;topla
Derlen;toplan
Derviş;oku hoç
Deşme;delik açm patlat yırt
Derbey;kalite lastik ayakkabı
Deydağa;i̇şte ora
Deyha;i̇şte bura
Deze;teyz
Dırmaç;elörgü iplik
Dıtdırıbızdık;baldır çıplak
Dıvılcık;dol tane
Dip;ağaç al son yer
Dibek;i̇çinde mısır buğday dövülen oyuk taş
Dible;pirinç bulgur yapılan lahan yemek
Didinmek;uğraşmak çalışmak
Didişme;tartış yoluş
Dikme;meyv fidan
Dildan;kıskaç böçek
Dillendirmek;herkes bilinilen dediko yaymak
Dilmek;kesm bölmek
Dirgen;ot topla tırmık
Ditmek;tırnak kaşımak karıştırmak
Dişemek;biyele kesk hale getir
Divit;i̇plik boya
Divildek;hareket
Divrin;bir ağaç tür
Divron;uç v şekl uzun sop
Diyelmek;ayak durm
Diyek;ayak dik duran
Dizme;tahta o bölme
Dizlik;uzun paça
Dobuş;sivrilik kaybet körel
Dongurak;büyük çan
Doh;dikkat çekmek
Domagöz;bezelye haşlama
Donatmak;hazırlamak süslemek
Dolamak;sarmalamak
Dolaşmak;i̇pliklerin karışma
Doruk;ladi ağaç
Dozik;dangalak baş boş
Dozirik;delik fındık yapılan oyuncak
Dönbek;i̇ri yuvarlak
Döngel;muşm ağaç
Döş;göğüs kemik
Döşek;yer yatak
Döşlük;kols yelek
Döşürmek;toplamak hasat etmek
Döşürücü;dilenç
Dulanmak;sevmek sevinç belirtmek
Dundar;üst kapa yer saki yer
Dutak;kulps elbez
Düdek;olgunlaş meyv tomurcuk gonç
Düdüklük;dü yapılan bir ağaç çeşi
Dürzü;yaramaz insan
Düşgün;fakir fukar
Düşük;er olan doğan
Düşün;mol ar verm
Düve;yaş gelen genç inek
"E- 
Ebegümeci";yemek yapılan yabani bitki
Ebelik;geniş yaprak bitki
Ebeguşağa;gökkuşak
Ebrimek;erimek eskimek
Ece;iyi al güzel
Ecir;yapık davranış karşılık olacak
Ecünnü;cin
Efgurma;sürek bağır
Efil;yanm hiss esmek
Efsi;uç yan odun
Efrini almak;acı dola akl almak
Eğercek;yün iplik eğir alet kirman
Eğraltlık;bir tür imeç
Ehel;i̇yi güzel us
Ekinci;güney güney iç bölge yaşayan
Elçi;evlilik araç olan kims
Elektirik;pill el fener
Elguvan;mor renk çiçek ağaç
Elleme;dokun
Elikgeçi;geyik yabani keç
Elmek;avuç dolu
Ellik;eldiven
Elti;kardeş eşler gel
Emi;olt tamam
Emmi;am
Emlek;tuta demet buket
Encamı;topla top top olanca
Entari;kat elbise
Enni;geniş
Enük;köpek yavru
Erikme;şımar
Erinmek;üşen çekin
Erzak;kullanılan ihtiyaç
Erzem;gerek lazım
Esbap;elbise çamaşır
Essah;gerçek hakikat
Eşkere;açık alani yapılan
Eşmek;toprak kazmak
Eşü;ekş aç
Eşün;ekmek çevir alet
Eteklik;etek
Eviik;üveyik kuş
Evcimek;el ev işler yatk
Ezentere;turş yapılan yabani bitki
Everme;evlendir
Evcülük;çocuk ail oyun
Evlek;bir dön arazi mantar
Evsi;bir kısm yanık odun parça
Evlürür;yeter
Evza;kibrit
Ey;bir seslen biç
Ey vermek;seslenen kişi cevap vermek
Eyhe;başka gör hav hoş
Eylenmek;oyalanmak vakit geçirmek
Ezgün;olg yumuşak
Ezme;çiğne
Ezber;akıl tutm
Ezük;olg meyv yumuşak
"F- 
  
Fagaz";bir tür armut çeşit
Fanila;i̇çlik iç elbise
Fanle;koll atlet
Fanya;gaz lamba çeşit
Farfar;şişe yapılan gaz lamba
Farfara;bir tür meşale
Farime;hafif
Fasarak;hafif
Faşırtı;s bozukluk
Faşlak;kötü bozuk
Fayrap;uç ateş odun parça
Feğelfeşkil;paramparç
Felfekiç;buruşuk yır parçalan
Fellah;i̇çten pazarlıkç sahte kurnaz
"Fellik            Bir telaş. 
Fer";derman kuvvet hal
Fene;fazl
Ferik;piliç genç tavuk
Ferimek;hafiflemek
Feriştah;iyi iyi
Feşel;yaramaz
Fetir;saç pişen buğday ekmek
Feyri;renk yüz reng
Fıraktı;çubuk örül çit
Fırfıkıç;ağz kadar dol sıkışık
Fırıç;pişiril meyv
Fırındarısı;fır kurutulan mısır
Fırtana;fırt yağmur
Fışırtmak;fırlatıp atmak
Fışkı;dışk
Fıydırma.;kaldırıp atm
Fiğ;yemek yapılan bir bitki
Firavun;art niyet fena düşünen kiş
Fiske;yavaş
Fittik;ağaç kabuk dü
Fodul;i̇tiraz e
Fol;folluk tek olan yumur
Follamak;kabuk ayıklamak
Folluk;tavuk yumurtladık yer
Foltak;bolç geniş
Foni;kapp su doldurma yarayan gereç
Fosaldak;su çekil sus
Förtlek;dışar fırl nesn
Förtleme;kayna
Förtletmek;ateş kaynatmak
Fösük;dişs diş sökül
Fuzuli;boş boş gereks
"G- 
Gaale";dikkat dikkate al
Gabalak;yabani bir bitki
Gaban;yamaç bayır yamaç
Gabzımal;manav sebz meyv satıcıç
Gaccuk;kadar
Gacır;fındık yaş kabuk
Gacırgucur;sürek s yapan gürül
Gadaklı;dert sor olan
Gadimi;sürek iki bir
Gaflet;dalgınlık yanılg durgunluk
Gagiliç;biçims şekils
Gagit;kur döls
Gagmuk;parmak bükmek
Galemlik;baç
Galabalık;kalabalık çokluk
Galdirik;yemek yapılan yabani bitki
Galeze;angarya yapılan iş
Galp;zaman dol geçers
Gamalik;i̇şe yaramaz uyuşuk
Gambak;kel düz
Gambazlama;başka söyle kandır
Ganayaklı;mazlum sess usl saki uysal
Gancık;diş köpek
Ganayak;usl saki olg gariban
Gandak;eğrel dikiş tuttur ekle
Gapcuk;yar kabuk üst kabuk
Gapı;ev ön kısm kap
Gararbazar;yaklaşık olarak göz karar aşak yukar
Garalastik;lastik ayakkabı
Garamuk;i̇çi çürük fın
Garavu;ormangü pemp çiçek
Garçaşturma.;tarıştır tahrik etmek
Garduf;patetes
Garegen;yabani di
Garer;karar tam kıva
Gargara;karıştır
Gartoloz;yaşl
Gartopu;patetes gartobak
Gartobak;patetes yerelma
Garsamba;fazl olan eşya
Gasavet;dert sık
Gasla;yalan
Gasmak;germek sıkıştırmak
Gasmuk;çam kabuk al zar kabuk
Gasmuklu;pi kir kabuk bağla
Gatık;ayran aparetif yemek
Gasıttan;kasıt olarak mahsus
Gavsuk;fındık dış yeşil kabuk çotanak
Gavsun;fın çotanak
Gavun;bir armut çeşi
Gavunç;sıkm enem hat
Gavut;kur ahlat un
Gaybana;i̇şe yaramaz hayr olmayan
"Gaybet                   Arkadan konuşma. 
Gayde";türk nağme
Gaydelenmek;kent kent türk söylemek
Gaymak;güzel
Gaymam;ben güzel
Gaza;kaz yaralan
Gazel;kur yaprak
Gazelen;i̇stemeden olan kaz
Gebic;kenar düzg olmayan
Gebiçci;değirmenç
Gecin;ayıklan fasulye kabuk
Geçek;merdiven iske
Geçi;fena i̇natcı insan
Gedük;oyuk yer
Gegecen;bir çeşit orak
"Gelberi Tırmık.                                             
Gelek";yaprak
Gelgeç;merdiven iske
Gelincik;küçük yabani hayvan
Gelinçi;düğün alay
Gelişin;geli geldik zaman
Gemük;kemik
Gergen;diken sarmaşık
Gerce;sarmaşık
Gertik;çeten yiv
Gevmek;ağız çiğnemek
Gerevü;uç çatal dal çekm sırık
Gerzek;ger zeka
Gevük;kur odun parça
Gı;kız anlam
Gıbrağa;kurbak
"Gıcık             Sinir bozucu. 
Gıcır";yen
Gıcırgıcır;yepyen
Gıcırık;dönen ağaç oyun
Gıçatmak;hayvan tekme
Gıdık;küçük kupl sepet
Gılla;sıra dümt yok
Gıllak;yağlı parlak kaygan
Gımbıl;oynak
Gınak;bıkmak usanmak
Gınnap;i̇p
Gılık;kıyafet gör
Gılkuyruk;i̇nce uzun mızm
Gıpcık;meyv sap
Gıpta;kıskançlık
Gırağı;don sabah çiğse
Gıran;tepelik arazi yer
Gırdap;dük dönen kıvrılan su
Gırkmak;traş etmek
Gırklık;koy yün kırk alet
Gıksı;kıskaç
Gısmak;sıkm çimdikle
Gışmık;hayvan tekme çift
Gıt;olan
Gıtlık;yoksukluk alcık
Gıvırzıvır;öteber küçük eşya
Gıynak;tekle fın çotanak
Gıymık;küçük ağaç parça
Gibcak;ağaç budak
Gidişme;kaşın
Gilik;yuvarlak küçük ekmek
Girebi;dal ke küçük bal
Girinti;tırpan
Girişme;başla
Gobca;düğm
Godura;oyun küçük düz taş
Gofil;fıç
Gofti;haylaz i̇şe yaramaz
Gogil;saç örgü ense toplanan saç topuz
Goğuk;delik ağaç kovuk
Goğuz;aralık hafif açık
Gohnik;yaşl kims moruk
Gol;kol raf
Golan;odun taşıken sır sarılan ip semer
Golit;taş fır pişen ekmek
Gomit;balık çeşi
Gonak;süsl büyük ev
Gonuk;bir yer kon
Goruk;i̇çi boş fın
Gopuk;bağlantı olmayan
Goşmak;avuç iç yan ekle
Goşama;avuçla avuç ölçü
Got;külek ölçü kova
Gotkafa;büyük kal kaf salak
Gotmak;kıs küçük ağaç kü
Govuk;çukur mağar
Goya;güya
Gozak;olgunlaş ham meyv
Gozalak;çam ağaç kozalak
Göbel;köpek yavru
Göbelek;şişman yuvarlak
Göçük;i̇çeri bat uçur
Göden;su kurbağa
Göfterek;avare haylaz
Göğ;yeşil olgunlaş
Göğnümek;meyve yumuşama
Göğnük;yanık ateş kül
Göğsükızıl;bir kuş çeşi
Gölük;yük hayvan ka hayvan sürü
Göreslenmek;bir göre gelmek hasret özle
Görpe;taze yen
Gön;hayvan deri
Göscek;gözlük
Göze;suy toprak ilk çıktık yer
Gukguk;gugukuş
Gumbul;sepet
Guruş taşı;ocak baş raf çıkıntı
Guşak;bell bağlanan giys
Guşluk;sabah vakti
Guvak;baş bulunan kepek
Guytak;çukur yer kuy
Gübür;toz birikinti toz kırıntı
Güçenme;alınganlık göster alınmak
Gücük;küçük ufak
Gücük ayı;şubat ayı
Gücüktene;yayla çayır bitki
Güdine;mısır koçan oduns kıs
Güçük ayı;şubat ayı
Güfe;ağaç yapılan kap fıç
Güfine;hayvan yal konan ağaç kap
Gügüm;bakır su kap büyük ibrik
Güllük;eğrel ot
Gümbül;bir yuvarlan
Gündarısı;güneş kurutulan mısır
Gündelik;yevmi
Gündelikci;yevmiye işç
Günni;ev uzak bahçe orman
Gürgen;kay ağaç
Güsgün;darg
Güveği;damat
Güvenek;i̇nekleri ısıran büyük sinek
Güveç;ağaç yapılan kap
Güverme;yeşer üst yeşillen
Güzine;yemek ekmek pişirilen fırın sop
Güzlek;yayl dönüş sahil
Güzlük;yayl dönüş hayvan beslenen yer
Güzün;sonbahar
"H- 
Haarda";
Hau;i̇şte
Haura;i̇şte şura
Haböle;böyl
Habu;
Habura;bura
Hacat;i̇htiyaç
Haccak;güzel
Haçan;madem öyl
Haçan ki;zaman
Hadi;başla başlangıç
Halatım;kadar an gelen dek
Halefet;sohbet muhabbet
Halik;küçük çakıl taş küçük taş
Halpıtmak;yiyecek yoğurt yemek
Haltuk;hayvan bağla ip tasma
Hamamlık;banyo odas
Hambar;ki
Hametmek;yemek yem lokm yutm
Hampal;biraz zor
Hamtevek;yabani sarılan uzun bitki
Hanum;kat
Happak;sade yoğurt
Haptirik;delido
Harar;çubuk yapılan büyük örm sepet
Harhar;yok çalış
Harez;boş arazi
Harın;dayanaks
Harız;terkedilen boş tarla
Hark;su kana
Hartama;çatı kaplanan ince tah
Has;i̇pek parlak kumaş on özg yakış
Hasbağal;dostluk kurm
Hasbel;buçuk
Haset;kıskanç fesat
Hasgız;han hanımcık nazik
Haşara;yaramaz çocuk
Haşıl;mısır yarma yemek
Haşimdi;an hemen tam şimt
Haşlak;yakıç kavuruç yar piş
Haşöle;şöyl
Hauşu;i̇şte
Hatça;hati adın yöresel söyleniş
Haus;haf adın yöresel söyleniş
Hatırtı;gürül
Havli;güç kuvvet derman
Havruz;çocuk lazımlık
Havse;hafıze adın yöresel söyleniş
Hayan;yinele yol git
Hayana;ön devam
Hayat;ev giriş böl balkon antre
Hayda;böyl mi olacak bu
Haydi;gel gelme sesleniş
Haylaz;avare dolaşan
He;evet onayla
Hedik;kar batmayan ayakkabılık
Helenpir;külüs angaz
Helim;halim adın yöresel söyleniş
Helle;un yapılan su çorp
Hendek;der kazıl çukur sınır
Henki;şımarık
Henkirleme;i̇htiyarlamak
Hennük;islak neml tavl verim yağmur
Hepek;kapak gizl geçit
Hepenk;ev gizl geçit
Hepirhepir;alelace
Herdem;zaman
Heri;henüz pekiştir
Herk;tarla toprak sürm iş
Herkeş;elalem herkes
Herkiş;açık yapılan
Hers;hırs karışık sinir
Herslenmek;sinirlenmek
Hevlane;küçük tencer
Hevle;ayni öyl
Hevlek;bir mantar çeşi
Heyleme;hayvan seslen
Heysin;ha adın yöresel söyleniş
Hılli;göründük olmayan
Hımbıl;uyuşuk
"Sümkürmek. 
Hıntak";gevşek tık sık olmayan
Hınzır;gizl art niyet fesat
Hırpani;biçims giyiyen
Hırpetmek;birleştirmek eklemek örtmek
Hırtlama;ezerek parçala
Hışım;bir hareketlen
Hışır;yıkık dökük esk kullanılmaz
Hışırlak;yar esk eskimi başl
Hıtlamak;kesmek parçalamak
Hıytık;yır parça
Hıza;sır diz
Hızan;çocuk
Hızar;büyük tester
Hızım darı;zayıf mısır
Hilefsiz;saf tem pürüzs
Him;duvar temel toprak oturduk yer
Hirtik;geçims dirliks fesat çıkaran
Hodul;kap kaba
Hoğol;çabuk olm
Hoğoldama;çabuk koşm
Hokka;mürekkep
Hokkabaz;cambaz
Holasa;gelişigüzel yapılan iş
Hollama;fın ayıkla tanele
Hombul;kap davranan insan şişman
Homhom;i̇nsanlarla fazl konuşmayan
Honça;küçük yün torp
Hopalak;tombul
Hopcin;fasulye soğan lahan yemek
Hopculama;zıpla
Hoplama;yük yer atla
Hopul;un tortu
Horon;bir ara gelerek oynanan oyun
Horsa;heves
Horsasını almak;heve almak
Horsası geçmek;heve geçmek
Hortlak;hayalet cin
Hortik;küçük yavru
"Hotur            Bodur kalmış ağaç. 
Hoşaf";su pişirilen meyv komposto
Hoşkil;bir tür kağıt oyun
Hoşmak;fasulye ezme
Hoşran;yemek yap yabani bitki
Hoşthoş;köpek kovala
Hoşuran;yabani bitki
Hoyda;beraber birlik
Hoyrat;başıboş avare dolaşan
Hozan;sık çalılık
Höl;su ıslaklık
Höldirik;i̇çi dış görünen basit yapı eşya
Höldüredek;birdebir
Höltek;i̇şi bit süre dol
Hörelenmek;kaf tutmak dayılanmak
Hösdüremük;tats içilemiyen çay
Hörtük;ayı yavru
Höşül;bozul ezil meyv sebz
Höşmek;ekmek ezme
Hulukcu;kalabalık
Huy;alışkanlık
Hütceten;ani birdenbir beklenme olan
"I-                                                    
Ibalı";neml ıslak
Ilgın;bayg
Imık;sıcak
Imımak;isınmak
Ipımık;sıcak
Irgag;gevşek bol olan
Irgamak;salla
Irganmak;sallanmak kımıldamak
Irgat;amel i̇şçi
Irıb;yönte püf nokta
Isgarbin;ayakkabı kundur
Islak;sulan yaş
Islık;ağız çağır tiz s
Istınka;ağz kadar dol
Işgın;fındık taze sürg dal fın filiz
Işımak;gece aydınlanma
Işıldak;bir çeşit gaz lamba
Işmal;yen taze sürg
Işmar;göz işaret etmek
Iymak;sermek yaymak
"İ-                   
İbrik";kupl su kap
İçellenmek;üzülmek alınganlık göstermek
İçlik;gömlek
İğdiç;eğr bacak
İkretmek;tiksinmek nefret etmek
İlenmek;beddu etmek
İleriki Gün;i̇ki gün sonra öncek gün
İlik;düğm delik kemik iç
İlistir;delik bakır süzgeç metal kalbur kevgir
İlmek;dük
İndem;kadar değil
İnme;felç olm
İrepata;ekmek yapma yarayan
İrin;i̇ltahap cerahat
İs;duman ateş çıkan duman leke
İsin;hüsey adın yöresel söyle
İskembi;sandalye
İstif;yık öbek yapma
İşmak etmek;baş göz ell işaret etmek
İt Dirseği;arpacık
İyicene;hep i̇yice
İzavra;köl amel
İzmarit;sigar artık bir balık
"K- 
Kabakcı";ordu verilen ad
Kabarcık;sivil
Kabcuk;boş fın kabuk
Kaçmak;koşm
Kağat;kağıt
Kahyası;i̇lgili alakadar
Kakma;çivile vurm
Kakmuklamak;yumruk itip kakalamak
Kaliser;şebinkarahisar
Kaltak;i̇şe yaramaz
Kanca;askı çenge
Kancık;diş köpek
Kanma;doym i̇nanma
Kapçak;su topla çukur yalak
Kapşon;giyecek başlık
Karaltı;geç bell olmayan nesn
Karakış;aralık ayı
Kara lastik;lastik ayakkabı
Karatavuk;bir çeşit kuş
Karduf;patetes
Karşılama;bir giresu oyun gelen bekle
Kasele;ayarla
Kasnak;yuvarlak tah
Kaşmir;parlak kumaş
Katakulli;üçkağıtcılık oyun
Katır;yük hayvan
Katran;zift
Katuk;ayran
Kav;kur ağaç mantar
Kavşatma;genişlet yumuşat
Kavruk;kuru
Kavuma gitme;dük gel ev ziyare gitmek
Kavut;kur kepek un
Kaykıl;yan kaym ö git
Kaynar;sıcak olan
Kaynarı;azarla dey ölmeye
Kaynana;eşler anne
Kaynata;eşler baba
Kayıncı;han erkek kardeş
Kayıntı;aperatif yapma
Kazma;tar alet toprak eşele
Kebelek;kelebek uçan böçek
Keçe;keç kıl dok sert dok
Keçemen;kertenke
Keçibaş;yar kel kims
Keçilik;yabani ağaç
Kef;curuf tort
Kefli;kir kirl
Kekeç;kekemen
Kelep;i̇plik çile
Kelçük;meyve iç kısm meyv koçan
Kelle;mısır koçan
Kelek;hayvan çan
Kelem;karalahan gövde
Keleplemek;fırlatıp atmak
Keller;kertenke
Kelif;basit yapılış sığınak barak
Kelpenti;çiv sökm alet
Kemçük;biçims çukur
Keme;büyük fare
Kemre;hayvan gübre
Kendir;kenevir
Kenef;tuvalet
Kerenti;tırpan
Kesek;kıs çubuk kur toprak parça
Kesik;yar yara
Kesmük;tahıl başak
Kestirme;kıs mesafe yol
Kesitmek;dediko yapma
Keşan;baş bell bağlanan yöresel ört peştambal
Keşap;i̇çilebilinir berrak tem su
Keşgül;su kabak su kap
Keşik;diz sır
Keşir;meyve yenilmeyen kısm
Ketun;elisık cimr bağl
Kevgir;süzgeç
Keyfanı;i̇htiyar kat kocakar
Keyif;rahatlık yatmak
Kıble;güney e rüzgar
Kımıldamak;ayak kalkmak hareket etmek
Kıpkızıl;kır
Kışkış;kovm gönder
Kışla;böğürtlen kapl orman
Kıt;bulunan
Kıvrıl;eğr bükük
Kıymık;i̇nce odun parça
Kıytırık;hafif iş yaramaz değers
Kızıl;olma ham
Kile;ağırlık ölçü
Kiltik;küçük sabu parça
Kivra;tutars kat kız
Kiraz ayı;haziran ayı
Kiraz duzlusu;kiraz tuzl salamura
Kirko;tirizma vurm alet
Kodaman;yaşl zeng kims
Kof;i̇çi boş
Kofil;fıç
Konuşuk;söz birlik laf söz
Kopça;düğm kıs bacak kims
Kopil;küçük çocuk
Kopuk;bağlantı olmayan serser
Kor;ateş
Korgon;mısır çorba
Koruk;i̇çi boş fın
Kot;tahıl ölç kap
Kotmak;ağaç tabur
Köhne;esk
Kökçeğiz;küçücük ağaç kök
Kökleme;fın fidan
Köm;toprak ev hayvan ağır
Kömeç;kur ağaç parça
Kömsük;kıs küçük mısır koçan
Kömüş;man
Kösere;yuvarlak bilek taş
Kösmük;sigar izmarit
Köstü;köstebek
Köstüre;el çevrilen bilek taş
Kötek;dayak kıs deynek sop
Köz;i̇yi yan odun ateş
Krizma;toprak der kazm
Kub;tutulacak yer sap
Küçüleme;çember sık baş bağla
Kuduruk;kut del hali olan
Kufa;tah su kap
Kulaç;açılan ik kol ara
Kulaklı;i̇ki kulp tav
Kulübe;küçük tek odal yap
Kuma;ayni erkek ev kat
Kuytu;çukur
Kuzlak;kuze bakan fazl güneş almayan
Külek;yuvarlak tah kap
Külek kafalı;büyük kafa geç anlayan
Küllük;ocakbaş kül toplanan yer
Külür;bezelye
Külüstür;i̇şe yaramaz esk
Kümbet;değirmen unluk büyük ağaç kap
Kümbül;kambur
Küpbaş;kocakafa baş büyük
Küpü;baltan sırt ark taraf
Kürtük;buz tut erimeyen kar yık
Kürün;su içilen alınan ağaç çeşm
Kütmek;küçük tah oturak tabure
Kütük;kal keres kesik ağaç kök
Küveç;ağaç yapılan kap
"L- 
Lapçin";takunya
Lavaş;yass yumuşak ekmek pi
Laz Armuttu;giresu ’ yetişen bir armut çeşi
Leftir;karışık
Lepelek;hafif ince tül
Leş;hayvan ölüs
Lobut;büyük değnek şişman ir kims
Lobya;kur fasulye
Lomya;taze fasulye
Löç;islak su do
Lök;su
Löküz;tüplü gazl parlak ışık veren lamba
Lül;un yapılan tavuk yem
Lülemek;bir şey uç yont sivrilt
Lülü;yemlemek tavuk çağır
"M- 
Mabeyin";o bölm
Macir;göçmen
Macirce;göçmen konuştuk dil şiv
Mada;i̇ştah
Madalı;i̇ştahlı
Madema;
Mafir;ker
Mağatcama;meğer on
Mağzer;tüfek
Mahna;mazeret
Mahnalık;sebep dayanak
Mahlukat;yabani havyan yara
Makluvat;zayıf yabani hayvan
Maksus;yalan kandırma
Makta;orman kes yer arazi böl
Malak;man yavru
Mam;bir tür oyun
Mamali;peynir küçük kurt
Mandalin;mandalina
Mapus;cezaev
Marguç;biberon
Mastı;çoban değnek sırık sepet çubuk
Maşagat;uzun çalış uğraş
Maşat;çalış cap
Maşraba;su iç kap
Maraz;ruhi hastalık sık
Matrak;dalga geçm güldür
Mavzer;tüfek
Mayıs;yabani çilek
Maza;dükkan
Mazı;direk üzer yapılan ki
Medek;diş man
Meci;i̇mece ırgat
Meğel;küçük geniş çalış i̇steme yan
Meğersem;başka türl alternatif
Meh;al buyur
Melanet;bela baş bela
Melavcan;di sürg filiz
Melhem;i̇laç merhe
Melun;tehlike şeytan yılan
Mendabur;kötü kirl
Mendek;yemek yapılan yabani bitki
Merek;hayvan yem konulan yap
Mertek;keres direk
Merulcan;yenilen taze di uç sürg
Mes;der ayaklık çorap
Meşagat;uğraş zorluk çalış
Meşebe;su kap maşrap
Mıcır;i̇nce çakıl taş
Mıh;çiv
Mırık;s çıkar
Mırız;zayıf hastalık
Mısgıç;el sık cimr
Mısmıl;uyuşuk tembel
Mıymıntı;huys sorun kiş
Mızıkcı;oyun bozan
Mızmız;nazl
Mil;eliş yapılan tığ
Mintan;gömlek
Misir;domates
Mitil;yer yatak döşek
Miz;buzak ağz takılan çatal demir
Momuli;küçük kurd böcek
Mostra;köse
Mort;düşüp bayılan
Mökem;sağla
Mööşkokan;kötü kokan
Muabin;ev an direk
Muallak;sahips
Mudara;sağla olmayan eğrel duran
Mugalif;zayıf dayanıks
Mugayet olma;sahip olm korumak
Mundar;birdenbir kesilme ölen pi
Munzur;baş bela dert
Murç;kal demir delg kesk
Muska;boy takılan du
Musluk;mutfak bulaşık yıka yer lavabo
Mükgem;sık kuvvet sağla
Münafık;fesat cat
Müsrif;savurgan savruk
Müşkül;zor zorluk
"N- 
Nacak";küçük bal
Nah;al alsan anlam
Namazlağ;seccade
Namazlık;beyaz başörtü
Nalça;ayakkabı alt demir
Nalgun;nakli geçiş ücre
Namlu;mısır sap ot demet taba boru
Nar;ateş ateş parça
Nebri;gayri i̇slam olan kims
Nebze;azıcık zerr kadar
Nene;nine babaanne anneanne
Ne olisin;karışıyor
Nelik;i̇htiyaçlar yiyecek
Nendabur;kirl kötü
Nerdek;üz su şıra
Nezik;güzel taze
Nezük;taze tatl
Nifi;gayri müslim kat açık giyinen açık saçl
Nire;ner
"O- 
Oba";yayla konakla yer
Obuz;küçük der dar vadi
Okarı;yukar
Okka;ağırlık ölçü
Orak;mısır ot biçm alet
Orak ayı;temmuz ayı
Oslama;boş
Osmak;kıyaslamak
Otlak;hayvan otladık yer mera
Otluk;uzun ağaç sarılan mısır sap yık
Oyrak;çukur arazi uçur
Oysama;oys halbuki
"Ö-                                                                              
Öbür";başka başka
Öd;i̇rin cerehat
Ödlek;korkak
Öğez;küçük sinek
Öğürmek;kusmakya başlamak
Öğürsek;kızgınlık gösteren hayvan
Öklemek;bağlamak sabitlemek
Öklü;bir yer bağl olan
Ölin;öğlen vakti
Ölümcür;has
Ömeç;tereyak taze mısır ekmek ezme
Örkürmek;bir kişi taklitt yapmak özenmek
Örüzger;rüzgar yel
Öse;ateş uç tutuş yanan odun
Öte;uzak taraf
Öteki;diğer
Öteberi;eşya
Ötürük;i̇shal
Öyme;sürm bulaştır dokundur
Özül;yabani ağaccık
"P- 
Pakça";küçük ev serenti benzer yap
Paçuri;paçavr bez parça
Padar;çam ağaç kabuk
Pağac;kor ateş kül pişirilen ekmek
Pahal;bencil kıvkanç
Pakla;fasulye
Palak;man ayı yavru
Palan;minder çeşi kal ört
Palaska;kemer
Palaspandıras;apar topar bir pa kü
Paldır;ots hayvan yiyecek
Palıç;hamur ekmek
Paltan;i̇ri kurbak
Pancar;karalahan
Pança;penç kıll el
Pandır;hayvan yiyecek yabani ot
Papara;ekmek tat dayak
Parıltı;işık alev
Parlama;bağır
Pasa;habir devam
Paşapaşa;mecburen zorun olarak
Paşka;tek odal küçük ev kibrit kutu
Patar;kıs kal keres
Patapat;beraber eşit
Patırtı;gürül
Patik;kıs örm çorap
Patlanguç;yabani bitki oyuncak
Patoz;fın tanele makine
Payanda;destek
Payandura;kuvvet destek
Paydak;yan yürüyen
Paykırtmak;kaçırmak ürkürtmek korkurtmak
Peğe;bahçe kenar taş örgü duvar engel
"Pek              Sağlam. 
Peklik";kabızlık
Pelte;parça ayr
Peltek;keke
Pelit;meş ağaç çeşi
Pere;koyu toplandık yer
Perçem;al saç
Pervaz;kap pencer kenar
Pestil;dut pekmez kurutma
Pestili çıkma;yoğurl
Peş;yam ek
Peşt;ark taraf
Peşgi;küçük sop
Peşgir;havlu
Peşi;art ark
Peştembal;bell bağlanan yöresel giys
Peydaolma;meydan gelm
Pezük;havuç cins yenilen bitki
Pıddak;payl mısır
Pıllamak;uçmak
Pıllaböcü;uğurböcek
Pırıltı;işık yansıma
Pırlak;parlak olan
Pırtı;elbise giyi çamaşır
Pıtırak;yapışkan
Pıtlak;patl mısır
Pıtlakdarı;i̇nce tane mısır
Pıykırtmak;kaçırmak
Pıymak;hızl koşmak
Picali;bezelye
Piç;fın kök çıkan yen sürg
Pinekleme;i̇ş yapma bekle
Pipirik;cesarets şüpheç gölge korkan
Pisi;ked
Pişt;bir çeşit seslen
Poğul;piş mısır koçan
Port;i̇şe yaramaz yün
Porsuma;yıpran aşın
Posurma;giysi eskime
Pörtlek;patlak
Pösteki;yünl koy deri
Pöstekisi çıkma;çalışarak yorulmak
Pöşge;sop
Pur;bir çeşit toprak
Putuna;turş konulan büyük tah fıç
Pür;çam dal uç yaprak
Pürcek;sık uzun püskül salk
Püre;sebz meyv haşlama ezme
Püs;mısır koçan püskü
Püskül;süs
"R- 
Rafan gitmek";hızl gitmek ilerlemek
Rahle;kitap okum sehpa
Rahmet;yağmur
Reşat;al
"S- 
Saablanma";sahip çıkm
Sabat;sabır bekle
Saç;üzer ekmek pişirilen tan
Saçayağı;saç al üç ayak yuvarlak demir
Sadır;si
Sağnak;yağmur
Sağrak;tereyak saklanan ağaç kap
Sahan;geniş deri bakır yemek kap
Sakar;hayva al bulunan beyazlık
Sakat;vücut çıkan yara cıban
Sakartlak;kan emiç böcek ken
Sakırca;beyaz çiçek kök yenen yabani bitki
Sal;tabut
Salamuk;tuvalet
Salık;tarif yön göster
Sali;sal gün
Salma;serbest bırak
Salman;köy bütçe verilen par
Sandım;zannet
Saplık;bal kazm sap
Saplıayak;ayran metal kepçe
Sarıavu;saru çiçek açan ormangül
Sarıncalı;yabani sar ar
Sarma;etraf çevir lahan dolma
Sasuk;tats lezzets
Savak;değirmen suy yönlendir
Savmak;atlatmak kesmek
Savruk;müsrif el açık
Savuşma;git sıra geçm
Sayfan;bahçe bekç kulübe
Sazak;bataklık çamur
Sazlık;sürek su tu arazi batak
Sazmak;islak çimen
Sef;yanlış ha ters yön
"Seflik        Yanlışlık. 
Seğirtmek";koşmak fırlamak
Seki;tarla ara tüm sınır
Sekmen;küçüçk tah oturak
Selek;ortaboy sepet
Semekse;üz çorba
Semete;sebep vası uyk sersemlik
Sendeleme;denge kaybetm
Sepetbaş;i̇çi boş kafa
Sepgen;rüzgar yağan yağmur
Serenti;direk üst yapılan ki
Sergü;üzer kurut yapılan ört çarşaf
Set;otur yer kol se
Sıbıç;sebz meyv sap
Sıçan;küçük fare
Sığ;der olmayan
Sıksapı;sökülüp kurutulan ince mısır sap
Sınnak;hayvan ayak tırnak
Sıpartlama;elbise kol paç kıvıl
Sıpa;eşek yavru
Sırf;i̇nadiye on
Sırappa;sıra dizi
Sırgan;isırgan ot
Sırıtma;gereks gülm
Sırnaşık;şımarık yapışkan
Sırtarmak;alay gülm
Sıvışma;saklan kaybolm
Sıymak;kaymak kayak
Sıypırmak;kaydır kenar vurdur
Sibekbaşlı;gıcık aksi inat huyl
Sifde;i̇lk önç yapılan
Sifdiin;i̇lk olarak
Sille;tokat
Silek;paspas
Sim;yalt parlak tel
Simelek;uyşuk i̇şe yaramaz
Sin;saklan
Sini;büyük tebs sofr
Sinmek;saklanmak
Sinsi;gizl yapmak
Sirke;yen doğan bit yavru
Siron;yufka yapılan yoğurt yemek
Sitil;maden su kova
Sivil;ekilecek küçük soğan
Sivsiv;küçük fare yavru
Sofa;ev giriş böl odas
Soğlama;fın hasat son tekrar ara başak
Somun;yuvarlak fır ekmek
Somurtgan;darg duran
Söfe;kap üst
Sökütmek;üzer elbise çıkart
Söykenmek;bir yer yaslan
Sudökünme;küçük ihtiyaç
Sulusepken;su yağan kar
Summuk;yumruk
Susak;su kabak su kap
Suluk;süzm konulan yer
Sülfü;pasak
Sümüç;i̇ki parmak ara ölçü
"Sümsük           Yalaka.Şımarık. 
Süsme";hayvan vurma i̇tekleme
Süzme;kurumayan yaş çökelek
"Ş- 
Şablak";tokat şamar
Şal;baş omuz alınan ört
Şalak;zaman geç hıyar
Şalgam;tohumluk hıyar
Şamar;sill tokat
Şankettirme;vurm s çıkartmak
Şangır;dökül dökm
Şankurşunkur;çarçabuk toplan acel
Şap;aç zehir
Şapırtdatma;yiyecek yemek
Şapurtma;sesl öpm
Şarba;baş örtü
Şavadak;ani birdenbir
Şavulgu;kıs süren gelip geçen yağmur
Şayet;
Şebek;balık hamsi pull
Şelbet;şeker su
Şelek;küçük sırt sepet
Şennik;sebz ekilen küçük tarla küçük bahçe
Şıma;beton sıv
Şilte;bez ört yatak yorgan astar
Şindik;şimt
Şincik;hemen
Şiş;örgü yapma maden çubuk tığ
Şişek;yaş gel koç koy
Şöfer;sürüç şöför
"T- 
Ta";i̇şte
Taflan;karaye
Taflanduzlusu;taflan tuzlama yemek
Tahtakurusu;koku böcek
Takguma;ağaçkakan kuş
Talanmak;durma bir şey uğraşmak
Talaş;mısır koçan dış yaprak
Tam;ağıl ahır
Tangır;i̇çi boş s çıkaran
Tangırtı;görülmeyen s
Tapma;dalm kaparak al kopar
Tapış;paylaş
Taran;su taş alt boşluk balık yuva
Tarumar;dağınık
Tas;bakır yemek su kap
Tasal;tembel iş yaramaz takatsiz
Tasattuketmek;dağıtmak
Tay;taşınacak yük parça küçük yavru
"Taylanmak      .Hazırlanmak. 
Tazı";köpek
Tazılanma;çabuk olm
Teçin;taze tuzs peynir
Teçir;esnaf
Tedarık;hazırlık
Tehin;hızl hareket e küçük hayvan
Tehingibi;atik olmak ell çabuk olan
Tekne kazıntısı;son olan çoçuk
Telaşa;panik telaş
Telaşiyekalma;telaşlanmak telaş düşmek
Telef;yorg düşmek perişanlık
Telef tasal;yorg arg olmak
Telesimek;susamak
Tesbermek;kurumak
Tembi;uyar ikaz
Tenkme;tekle
Tente;büyük bez parça sergü
Terbüşlü;mutfak kapak tabak
Terki;sırt çanta eyer çanta
Terkeş;ters karışık
Tesbermek;yorulmak
Tesce;aceleç
Testi;toprak kap
Tevek;üz kabak hıyar uzun dal
Tevekkel;saki sess kiş gariban ganayak
Tez;çabuk hızl bir şekil
Tıfıl;küçük küçücük
Tıkaç;tap tanpon
Tıkız;sıkı kapa bağl kapa
Tıngırak;hayvan takılan konik çan
Tıpa;tap
Tibal;giyim tit olan
Tiftik;keç yün
Tiken;di
Tili;tit kiş
Tir;yemek seçen
Tirebezi;pamuk dok basm bez
Tirizma;toprak der kazmak
Tivsi;küçük balık hamsi
Toftaşma;sakinleş
Tokarak;yuvarlak
Tokaç;çamaşır yıkama kullanılan sop
Tokmak;ağaç takoz
Toklu;yaş gel koy
Tombul;yuvarlak şişman
Tonga;tuzak
Topuk;ayak ark kısm yayla ot çeşi
Topuk otu;yayla yetişen bir ot
Topur;dal diken kestane meyve çotanak
Tor;boncuk o boncuk
Toy;acem
Tozak;i̇nce hafif yağan kar tozlu yer
Tömbek;di meyve böğürtlen çilek
Tömbelek;küçük davul
Töngel;muşm meyve
Tulkurma;şişm
Turkurma;sinirlen
Tulum;peynir konulan koy keç deri
Tumba;hamtevek yapılan balık tutm sepet
Tutak;mutfak sıcak kap tutacak
Tuzlak;koyun tuz verilen yer
Tüksü;yakm yan
Tülemek;başlangıç meydan gelm
Tüllermek;ani üşümek
Tümsek;yük yer sek
Tünek;kümes tavuk oturak
Tünekleme;oturup bekle
Tünemek;tavuk oturma
Tütmek;yanarak duman çıkarmak
Tütsü;yakılarak duman çıkar
Tüy;hafif kıl
"U-Ü- 
Uçgur";bel bak lastik
Uçkurusu;kur dal
Ufra;ekmek pişirme saç üzer serilen un
Uğurlama;gönder
Uğurak;varılan yer
Ula;erkek seslen
Ulo;kadın eşler sesleniş
Uluk;pi pasak
Umma;ümit etmek
Umsunma;ümit beklelek
Unluk;değirmen un konulan yer
Urgan;halat
Uruf olmak;üzülmek
Uslu;akıl saki insan
Usulca;yavaş
Uşak;erkek evlat
Uy;bir hayret nida
Uyartmak;uyandırmak
Uyra;rüya
Uyruk;hayvan ark kısm
Uyuz;zayıf hastalık
Üğüm;fın dal
Üğütmek;un halin getirmek
Ül;un yapılan civciv yem
Ürkme;kork
Ürmek;haylamak
Üşmek;toprak eşmek çukur kazm
Üşenmek;çekirgenlik i̇çinden gelmemek i̇steksiz
Üveç;yaş gelm erkek koy
Üzmek;dal koparmak
Üzüm ayı;ek ayı
"V- 
Vacurvucur konuşma";boş konuş
Vakırtı;gürül
Vakurvukur etme;gürül yapmak
Vallah;yem
Vana;çeşm musluk
Vapur;gemi
Varmak;ulaşmak
Varta;zorluk tehlike dur
Vay;şaşm söz şaşkınlık
Verep;yama karş düz yol düz gitmek
Vıcık;su çamur
Vıcırtlatma;ezm iş yapma
Vıyık;kısık s
Vızıklanma;nazlan şımarıklılık
Vire;daima devam
Viy;
"Y- 
Yaba";çatal ağız tel kürek
Yaban;orman
Yafta;resm kağıt
Yağlaş;un yapılan yemek
Yakarma;yalvar
Yal;hayvan yiyecek
Yalak;su toplanan çukur
Yalavu;ateş alev ateşı sıcaklık
Yalavuz;yaln tek baş olan kims
Yaltaklanma;çıkar kişi yanaş
Yama;yokuş yamaç ek yapma
Yamalık;yama kullanılan bez parça
Yambul;topal
Yane;sant
Yapma;el yapılan alet
Yar;uçur
Yardaklanma;kişi yağcılık yapma
"Yarık            Açılmış. 
Yarma";mısır kırma
Yarmaça;kızılağaç odun yarıl odun
Yasan olmak;orta kaybolmak
Yaş;islak
Yaşmak;baş örtü
Yavan;tat olan tuzs
Yavşak;bit yavru
Yavşu;tarla yetişen yenilen bitki
Yaykın;kızılağaç
Yaylım;otlak mera
Yaymak;sermek hayvan otlatmak
Yazlık;yayla çıkm
Yazma;baş örtülen beyaz çember
Yetişme;bir yer varmak büyümek
Yelönü;i̇çi boş fın
Yen;süt hayvan meme
Yenlik;hafif
Yesir;koşularak ebeleme oynanan bir oyun
Yevgi;hayvan yiyecek ot
Yezit;i̇natcı menfaatç kims
Yıldırak;kaygan
Yılışık;yalak dalkavuk
Yılkı;yayla başıboş at
Yıprak;becek
Yitmek;kaybolmak
Yivdin;koku yabani bir bitki
Yolluk;gel alma arkadaş verilen bağşiş
Yolmak;bitki el koparmak toplamak
Yoluşma;birbir tutarak çekiştir güreş
Yonga;odun parça
Yosma;güzel alım boyl bosl
Yorgan;yatak üs örtülen ört
Yoz;kıraç arazi
Yörek;beşik bez
Yufka;i̇nce açılan hamur börek
Yuğlamak;devirmek
Yuka;der olmayan suy der olmayan kısm
Yukarı;üst taraf
Yunmak;yıkanmak çimmek
Yüğleme;bilele uç sivrilt
Yüklü;gep hami
Yürük;atik çevik
Yüzme;göl yıkan
"Z- 
Zaar";köpek
Zabaccak;yar sabah erte gün
Zahra;değirmen gi üğütülecek mısır
Zara;tahıl mısır buğday
Zaten;halbuki
Zatiberi;eski ber
Zebelemek;ayak dolaşmak
Zebil;fazl
Zeğele;akşa üst
Zeklenme;konuşarak alay etmek
Zembelek;yay
Zembil;kıl dokunan sırt çanta askı zincir
Zemheri;ocak ayı
Zıbaddatma;kıvrılıp yatmak
Zıbarmak;ölmek
"Sebze meyve sapı. 
Zıkkım";zehir
Zıkkımınkökünü ye;zehirlen bedu
Zıldırın zaarı;gezen gezmek
Zınnık;zerr kadar
Zıpka;yöresel pantolon giys
Zırvalamak;dağıt saçmala tutars konuş
Zırzır;sürek gereks konuş
Zırzop;delido
Zıt;ters
Zıtlık;terslik
"Zibçik           .Zurnanın ötürülen kısmı.Düdük. 
Zifir";sigar duman nikoti
Zil;beşik takılan küçük yuvarlak çan
Zilli;kavgaç kat
"Zilzurna         Sarhoş. 
Zivzik";küçük küçük fare
Zollu;i̇yi güzel
Zorlu;güçl kuvvet
Zote;saklanmaç oyun
Zuğur;meydan gelm
Zumbuk;yumruk
Zülüf;kulak yan saç favori
Züğriyet;nesil kök
Züğül;özür olan sakat
Cice;büyük kat
Dikme;i̇ç güveyi
Eci;büyük abl
Gurit;tahtakuru
Kiren;kızılcık
Kompil;patates
Orcuk;i̇plik eğirme yarayan bir araç eğirmen
Şıkrıncak;tahterevalli
Taraklamak;tarla sürmek
Ayvacık;ağır yoğurt
Ardamak;yaşlanmak
Badal;merdiven
Bayakdan;önç
Bıldır;geçen yıl
Biyol;bir
Cerek;i̇nce uzun odun
Cılga;patika yol
Cücük;civciv
Çatma;duvar
Dirliksiz;geçinilme zor kiş
Ellame;herhalde galiba
Emişik;sütkardeş
Fosulamak;özen gösterme yapmak
Gosdil;patates
İzancıktan;şaka mahsusçuk
Meh Meh;hayvan seslen söz
Nizamlamak;düzenlemek toparlamak
Pablika;fabrika
Selamlık;balkon
Siftahtan;i̇lk
Tomofil;otomobil
Çarşamba;abu abl
Ağa;abi
Aha;i̇şte
Badal;merdiven
Balcan;patlıcan
Bakrak;kov
Basma;eteklik kumaş
Bazlama;mısır ekmek
Beber;biber
Bıldır;geçen sen
Bızlamak;doğurmak
Boyunduruk;saban çekme yer sürme yarayan alet
Buba;bap
Cıngen;çingen
Cırcır;fermuar
Cırgana;pekmez yaparken dut üzüm suy sıkma yarayan alet
Cıscıbıl;çırılçıplak küçük
Dağnamak;kınamak
Diize;teyz
Emmi;am
Entere;entari
Degmük;tekm
Dol;ev yuv
Döl;çocuk
Entare;gömlek
Evşin;sac üzer ekmek çevirme yarayan demir alet
Fıragtı;çit
Fızlı;hızl
Gacemer;becerik
Gasbenek;zorl
Gıylı;teps
Girebi;küçük bal
Golan;i̇p
Gopça;elbise düğme
Gögümsü;olgunlaş
Gurna;musluk
Harani;kazan
Hemşürem;bayan
İkbala;rastge
İlen;leğen
İnge;yeng
İsin;hüsey
Kemre;gübr
Kömüş;man
Kenneşmek;tartışmak
Lapbanadak;ani
Öndere;öküz gitme vurulan çubuk dayak
Parpu;gözdak
Pentul;pantolon
Pin;kümes
Sacayak;üzer kazan tencer kaynatılan üçayak demir
Sicim;i̇p
Siğirtmek;koşmak
Sovan;soğan
Şilte;i̇nce ip
Talle;tarla
Tam;ahır
Tor;lastik ayakkabı
Urgan;i̇p
Yanpiri;yan yürüyen
Yeğin;güzel
Yennük;hafif
Zaan;sahan
Zelve;boyunduruk iç geçirilip hayva boğaz bağlanan alet
Havza;çökm misafir kalm
Katık;yak al yoğurt
Keşik;sır
İlkadım;ağaruk soluk renk
Ağızlamak;yolç etmek
Alaş;alaç renk köpek
Badal;ev merdiven
Basgancak;merdiven
Çuhurmak;kümes hayvan ölecek bağırma
Diren;zayıf
Göynek;gömlek
Kıran tutmak;hayva ölme
Mizik;sinek
Samo;beceriks saf
Tuman;pijam
Kavak;abu abl büyük kız kardeş
Acuk;yabani elma
Aga;ağabey kabada
Ağa;abi
Ağartu;süt yoğurt ayran ürün
Ağıl;davar barınak
Ağmak;bir yer tepe tümsek aşmak
Ağnamak;anlamak
Ağnanmak;yer yuvarlanmak
Ağu;zehir aç yiyecek
Ahlat;yabani armut
Ahraz;saf avanak anlamayan
Alaf;hızl yanan ateş
Alaş;alaç renk köpek
Alemeşkere;herk göz önün herkesç bilinen
Aluk;hayva bel semer önç konulan çul
Amel;i̇shal
Analık;kaynan
Antere;entari gömlek
Asartma;genç ağaç oluşan orman
Assuva;tuvalet
Aş;yemek kesm makarn
Aşurtma;büyükç bakır kazan
Aşevi;mutfak yemek pişirilen o
Aviyed;hedi müj karşılık verilen ödül
Ayakyolu;tuvalet
Aylak;bedav
Azık;dışarı yenilecek yiyecek
Babalı;vebali günah
Babalık;kayınpeder
Bacı;kız kardeş
Badik;kaz ördek yavru
Baldırcan;patlıcan
Bardaç Kurmak;ayak alt kıvırarak oturmak
Baskancak;ağaç merdiven
Bencileyin;ban gör
Bıcımak;oyunbozanlık yapmak
Bıldır;geçen yıl
Bikıdım;
Bişi;maya hamur yak kızartılarak yapılan ekmek
Bittire;tel saç toka
Biz;kal iğn
Bostan;küçük bahçe
Boz;gri ekil tarla
Börk;ber papak
Börtmek;meyv sebze güneş sıcak dola buruşma pişirmek
Börtük;güneş buruş meyv sebz
Böycük;böcek
Bulamaç;unl yapılan bir yemek
Burgu;ell çevrilen matkap
Buymak;üşümek
Büsürgeç;yufk çevir alet
Cannu;canl sağ hareket
Cayırlık;ev iç yıkanmak kullanılan küçük böl
Cebelleş;bela
Cemek;sopa ark kısm takılan üçgen şekl demir parça
Cember;başörtü tülbent
Cenk;bakır küf
Cerek;i̇nce uzun budaks ağaç göv kısm
Cereme;ceza
Ceryan;elektrik
Cıfıt;cıvık bulaşık
Cılat;jilet bıçak
Cılbak;çıplak
Cılga;patika keç yol
Cılk;i̇çi geç bozul bozuk yumur
Cırmaklamak;tırmalamak
Cırnak;tırnak
Cırnaklama;tırnak çizm
Cin parmak;serç parmak
Comba;erkek man yavru
Cücük;tavuk kuş yavru
Çağıl;harman saman ayrıl tane
Çalmaç;un bulamaç un yapılan çorp
Çalmak;mayalamak
Çaluntu;yoğurt mayalan süt
Çaput;bez
Çıkı;bohç
Çıtak;i̇yi giyinen giyim dikkat e
Çiftelü;kıvrak akıl cilve
Çimmek;yıkanmak su yüzmek
Çin;tunç yapıl keç man çan
Çizek;kar saban takılan demir araç
Çolpa;beceriks sakar el iş tutmayan
Çomça;kepç yemek karıştırılan büyük tah kaşık
Çotur;fazl gelişe ağaç fidan karışık birbir gir vaziyet
Çöğdürmek;i̇şemek
Çökürge;çekirg
Çökuç;çekiç
Çömelmek;yer çökmek
Çöpür;kırkıl keç kıl
Çul;kil
Dalap;çiftleşmek isteyen eşek
Darsımak;dar düşmek sıkışmak
Dastar;pişirilen ekmek soğuma üzer serilen kumaş serg
Değmen;değirmen
Delme;yelek
Deynek;baston ihtiyar yürür dayandık özel çatal ağaç
Dıkım;lokm
Dırımak;araştırmak irdelemek
Dırtlamak;küsmek
Dibek;havan
Diğdir;hal dokurken ilmik sıkıştırmak vurulan delik sapl demir
Dilber;güzel
Dink;yün bez keçele tezgâhı
Dipçek;yayık tokmak
Dirgen;ot saman taşıma yarayan uç çatal tar araç
Don;pantolon
Donmak;üşümek
Döner;taba
Döş;bağır sin göğüs
Döşek;yatak
Dutmaç;tutmaç çorba
Duma;nezl
Duzak;tuzak
Dürmek;katlamak bükmek
Düve;doğur diş sığır
Ebe;nine
Elaşı;eller karş
Elilani;leğen
Ellame;herhalde
Emmi;am
Emmo;amcaok
Enük;yavru köpek
Erkeç;kısırlaştırıl tek
Ersün;ateş karıştır alet
Erükleme;otlak bir alan ip bir uç hayvan diğer uç demir ağaç bir kazık
Esbap;elbise
Esvap;elbise
Evitlemek;ayıklamak temizlemek
Evlek;küçük tarla bahçe
Evsmek;savurmak estirmek
Evtiklenmek;oyalanmak
Eyrek;hayvan sürü durak yer
Eğşi;ekş
Elemi;öyl mi öyl değil mi
Emice;am
Emmi;am
Fene;fena fazl
Fer;güç kuvvet
Ferik;i̇lk yumurtlama yak tavuk
Feslek;bezelye
Fıraktu;tarla bahçe etraf çevirmek yapılan çit
Fanile;koll kazak el örgü kazak
Fingirdemek;erkek kız ara olan yakınlaş konuş
Fistan;elbise entari
Fitti;söğüt kabuk çıkartılma yapılan bir çalg alet
Gağnı;ök araba kağn
Gağuz;yıkanan kalbur elenen tahıl a kısm
Galan;bun sonr
Gamaz;dönerek e rüzgâr küçük hort
Gardaşım;kardeş
Gavur;ecnep
Gavurluk;yaramazlık
Gavurga;buğday kavurma
Gayış;kemer
Gayri;sonr
Gedik;eksik
Gepre;manda tımar etmek kullanılan şal parça
Gevmek;çiğnemek
Gıran Giresice;salg afe uğra anlam söylenir
Gırnap;ken ip ince
Goca;erkek eş koç yaşl büyük kims
Golan;yün keç kıl dokunarak yapılan şerit biçim ip
Göcek;soba kesilen odun
Gödel;hamur kepek davar köpek azık
Göden;kar kurbağa
Göğ;gök mavi renk
Göğermek;yeşermek
Göğnü;fazla olgunlaş meyv
Gök;mavi
Gölbez;köpek yavru
Gön;der hayvan gübre
Göreslemek;özlemek
Göynek;patiska bez gömlek
Gubarmak;büyüklenmek kaf tutmak
Gupa;bardak
Gurüzlük;i̇ç iç gir ağaç topluluk
Gurcalamak;karıştırmak
Gurk;kuluçk
Guşak;kemer
Gücek;kıs kal kıs boyl
Gücenmek;üzülmek
Güğüm;eski iç su doldurulan bakır kap
Gülk;kuluçka ya tavuk
Güvey;damat
Hamamlık;banyo
Hark;küçük su kana ark
Harman;hasat edilen ekin
Hartama;kiremit al tahta
Hayat;avlu
Hazzetmek;hoşlanmak
Heçlenmek;pislenmek
Hela;tuvalet
Helemence;fazl piş
Helke;su kap kov
Herç Etmek;site etmek
Hır Çıkarmak;huzursuzluk yapmak
Hıra;küçük kal gelişe
Hırtlak;gırtlak boğaz
Hopal;yabani güverç üveyik
Hosul;süt mısır köz pişiril hali
Hursat;fırsat ek uygun zaman
Hoduk;ked yavru
Hökela;ukal
Ilıtma;ekşi ayra ısıtılma yapılan koy ayran kıvam içecek
Ingırcak;harman tarla bahçe vb yer girmek yapıl ağaç kap
Iprık;i̇brik
Irak;uzak
Irazı;raz
Irbık;bakır sürahi
İlazım;lazım ihtiyaç
İlağen;leğen
İlenger;i̇çine pilav konulan yayvan büyük kap
İman tahtası;göğüs kafe
İrin;i̇ltihap
İskemle;sandalye
İşlik;gömlek
İteği;sofr al
İzane;zıdt inat
Kaktırma;i̇tme
Kap;tabak çanak
Karpiş;tam pişm
Kavil;söz vermek i̇ddia etmek
Kayış;kemer
Kayrak;i̇nce ka
Kel;kötü baş saç olmayan
Kelep;i̇p yumak
Kelik;tarla bahçe yapılan basit barınak gölgelik
Kemre;hayvan gübre
Kepenek;kelebek
Kepi;el değirmen taş ara konulan taş ar açıklık sağlayan bez halk
Kepermek;elma yabani elma kepekleşme başlama
Kerhanacı;üçkağıtç
Kertik;i̇şaret
Keşik;nöbet
Kevrek;gevrek kolay kırılabilen
Kevuk;kendir ip bükme yarayan araç
Kırı;sıp
Kısmuk;cimr
Kömüş;man
Köplü;merdiven köpr
Kösüre;bal orak bıçak kesiç alet bileme yarayan taş yapıl düzenek
Kötek;kal çubuk
Kurna;pınar taş oyul musluk
Kursak;yemek boru
Kile;tahıl ölçü bir sek tenek
Kiren;kızılcık
Kitleme;kilitle
Lenger;geniş tabak
Mada;mi i̇ştah
Makat;divan
Malak;man yavru
Maraz;has hastalık
Maşrapa;ta su bardak
Mecal;kuvvet takat
Meh;al
Mesarif;masraf
Metel;bilme masal
Meymenetsüz;hayırs iş yaramaz
Mık;çiv
Mıymıntı;uyuşuk
Misaf;kutsal olan nimet
Mizik;sivrisinek
Muçma;yumruk
Mugallit;komik insan güldüren
Muzu;i̇nat
Müstamel;kullanıl eski ikinç el
Nacak;küçük bal çoban balta
Nalet;lanet kötü olan
Namazloğu;koy keç post yapılan seccade
Nasibetsüz;münasebets
Napıyın;yapıyor
Nodul;övendire uç takılan sivr çiv
Ocaklık;mutfak
Oğanmak;nefe tıkanmak nefess kalmak
Okuntu;düğün davetiye
Ondere;öküz koşarken kullanılan sop
Öteaçe;karş taraf
Öğsü;bir kısm yan odun
Örsün;sac üzer ekmek çevirme yarayan üçgen şekl demir alet
Öteyaka;ötek taraf
Ötürek;i̇shal
Öyke;öfk
Pahla;fasulye bakl
Paklama;temizle
Palazlanmak;büyümek varlık olmak
Peşgir;havlu
Peşgur;el havlu
Peşkir;havlu
Pıtıl;sac tan üzer maya hamur pişirilen ince yuvarlak ekmek
Pırtı;çamaşır
Potur;büyüye kıs kal ağaç
Pontul;pantolon
Postal;ayakkabı
Pot;dom yavru
Pürçek;ağaç bitki kök
Püsürgeç;yufk çevir araç
Saçayağı;üçayak alt ateş yakılıp yemek pişirme yarayan alet
Sadır;si
Sahan;tabak
Saku;ap yün ceket
Sakurga;ken kan emiç parazit hayvan
Salgu;dibek dökülen ürün dövme yarayan tokmak
Sallantu;depre
Saya;koy keçi yatak yer
Seğirtmek;koşmak
Sehim;hiss
Sekmen;beton taş merdiven ağaç oturak tahta yapılan iske
Sındı;makas
Sırtarma;karş gelm
Sinmek;gizlen
Soku;taş dibek
Somun;ekmek
Susa;şose yol
Suva;salon ev giriş boş kıs
Süksün;ens baş ark kısm
Sümsük;yalak gevşek kims
Sütlek;süt mısır
Süvelmek;ayak durmak
Süye;ağaç kazık fasulye sırık
Şal;keç kıl yün dokunan kil
Şer;kötülük
Şip;çabuk
Şipe;çeşme su akan demir bor
Şişek;bir yaş koy
Şom ağız;boşboğaz
Tam;ahır hayvan barınak
Takat;güç kuvvet mecal
Temel;ev duvar
Terek;mutfak dolap raf
Tevek;üz asma
Teyin;sincap
Tezelenmek;tazelenmek yenilenmek
Tırıl;çabuk kü kims
Tirentez;tit
Tokaç;çamaşır sopa
Toklu;bir yaş diş koy
Tosbağa;kaplumbak
Tömek;hayvan gübre ahır dışar atma yarayan delik
Törleme;i̇shal
Trampa;tak bir bir değiştir iş
Tuman;alt iç çamaşır
Tülbent;i̇nce dok beyaz başörtü
Tünek;hayvan barındık yer
Tünemek;yatmak
Urba;giys
Üleş;leş
Üleşmek;paylaşmak
Ünlemek;bağırmak
Ürüsüm;gelenek görenek
Vareze;bütün aza taraf
Veran;terk edil viran ol
Ya;evet
Yaba;el benzer şekil beş parmak orta geniş bir alet harman aktarma yarar
Yağır;eşek sırt yara
Yağlık;mendil
Yalak;taş oyul hayvan kullandık su kap küçük çukur
Yaşmak;başörtü dudak çekmek
Yazma;eşarp
Yapaz;boynuz geri dok ya hayvan
Yeğin;iyi kalite
Yenik;hafif
Yiğreç;i̇ğrenç kötü beğenilmeyen
Zahra;kışlık yiyecek buğday
Zembil;hasır yapıl us çanta
Zerze;kap kilit demir
Zuval;kızılcık
Ladik;ap giys
Abu;abl
Acuk;aç elma
Afur;ahır
Aga;büyük
Ağartu;yoğurt
Aha;i̇şte
Akyel;lodos
Alma;elma
Annaç;karşı
Aş;çorp
Avu;zehir
Aygül;ayçiçek
Aze;kalç kap yer
Badal;merdiven basamak
Badik;kaz yavru
Bağırdak;bebek sarm bez
Baldırcan;patlıcan
Bakraç;su kap
Balak;man yavru
Bandik;kat giysi
Basgancak;merdiven
Bek;sert
Bıldır;geç yıl
Bi cimcik;
Bi gayde;bir cüret
Bisürgeç;ekmek çevir maşa
Boğazsak;obur
Bostan;bahçe
Boyunbağı;atkı
Böğür;göğüs
Buymak;üşümek
Cember;yemen
Cerecera;güç kuvvet
Cerek;uzun ince ağaç
Ceryan;elektrik
Cıbartmak;dövmek
Cılk;çürük yumur
Cırcır;fermuar
Cicik;göğüs mem
Cimbek;sevim açıkgöz çocuk
Comba;man yavru
Cof coflu;hali güzel olan
Cor;fı
Culuk;hint
Cücük;civciv
Çağa;çocuk
Çağlık;lavabo
Çaput;bez parça
Çene;köş
Çıkı;yiyecek bohça
Çiğit;çekirdek
Çimmek;banyo yapmak
Çirşef;bela
Çokmak;havlamak
Çoşdar;konuşan gezen
Daraba;tah duvar
Dene;buğday
Dey da;i̇şte ora
Dırık;zayıf sısk
Dinelmek;ayak durmak
Doruk;çat
Dozanak;bahar sinek
Dömbek;darbuk
Döşek;yatak
Dutak;kazan tutacak
Eccük;azıcık
Eğsük;eksik
Eğüsüketek;yen yetiş kız çocuk
Ellağam;herhalde
Eme;hal
Emzük;biberon emzik
Emzüklü;meme çocuk olan kat
Enik;köpek yavru
Esbap;çamaşır
Estek köstek;ivır zıvır
Evsük;alışveriş
Ferik;genç tavuk
Fışgın;ağaç sürg
Filke;musluk
Fisdon;uzun kat elbise
Fisil;tohumluk soğan
Gadun;yeng
Galuk;ev kal kız
Ganruk;balga
Garamak;kötülemek
Gavşamak;sıva gevşeme dökülme
Gayde;hareket
Gevük;köy ev ağaç askı
Gezgüç;gezen
Gıcık;koy yavru
Gısmuk;cimr
Gıynaşuk;hafif aralık
Gocamak;i̇htiyarlamak
Gocarı;i̇htiyar kat
Göbel;öks çocuk
Gödeş;eşekç
Gömbe;tepsi pişiril ekmek
Gön;der
Göynek;i̇ç atlet gömlek
Gözer;i̇ri gözl elek
Gubarmak;şişmek kaf tutmak
Gubat;kap kullanışs
Guyöv;damat
Güdel;tah kürek
Güdül;mısır ekmek
Hahır;tam
Halbur;kalbur
Hapaz;avuç dolu
Hayat;avlu
Heç;pi
Helbet;elbet
Hemi;öyle
Herk;na
Hopcik;tez canl
Hörtüm;yut
Isgılık;islık
Ilıncak;salıncak
İrdemek;hor görmek
İsgembi;sandalye
İt üzümü;böğürtlen
İtdirseği;arpacık göz çıban
Kase;çay bardak
Kelik;küçük kulüp ev
Kemçük;ufak tefek çirk kız
Kemre;hayvan gübre
Keperüm;kepeklen meyv
Kepenek;kelebek
Kese;kıs yol
Kesmük;meyve ar kalan kısm
Kırmızı;domates
Kip Sıkı;sağla
Kocabaş;şeker pancar
Kopça;düğm
Kömüş;man
Kötek;sop
Kürtük;kar birikinti
Löküs;gazl lüks lamba
Mahsus;yalan
Makat;se
Mangaş;cımp
Marsuk;kötü odun kömür
Mecel;güç kuvvet
Mıh;i̇ri çiv
Mücüver;omlet
Öğsü;ateş karıştır değnek
Öllük;elen toprak
Ötürek;i̇shal
Pahla;fasulye
Parpu;fır süpürge
Parta;yalan
Peşgur;havlu
Pıtıl;saç pişen bir tür ekmek
Pin;kümes
Sabi;küçük çocuk
Sahan;tabak
Seğirtmek;koşmak
Sıçan;fare
Sırık;uzun değnek
Sini;büyük teps
Sitil;küçük yemek kazan
Sokranmak;söylenmek
Soku;i̇çi oyul taş dibek
Somak;mısır koçan
Sökütmen;küçük oturak
Sövelmek;ayak durmak
Sulusepken;karl karışık yağış
Süksün;boy kısm
Sümsük;arsız
Sürgü;merdiven
Şallak;çıplak fakir
Şefter;uçur yer
Şennik;düğün eğle
Şibi;ördek yavru
Şibik;ördek
Şinik;ölçek yarı
Şip;hızl
Şüşürtlek;balon
Takunya;nal
Teknedibi;bir çeşit ekmek
Teyin;sincap
Teyküllü;sevgi
Tosba;kaplumbak
Tök;hint
Tömek;ahır pencere
Tumman;alt iç çamaşır
Yaban;uzak
Yalak;hayvan su kap
Yazu;arazi
Yeğin;bol
Yeğincek;tez canl
Yeğni;hafif
Yumak;yıkamak temizlemek
Yunak;çamaşırhane
Yüklü;hami
Zağan;tabak
Zartalak;patavats
Zeklenmek;taklit etmek
Zelzele;depre
Zımzık;yumruk
Vezirköprü;abu abl
Afaganlu;öksüren
Afur;hayvan yemlik ahır
Aga;ağabey
Ağartu;süt mamul
Ağuz;dok yapan hayva ilk süt
Alaf;vücut ateş kur ot
Aluk;i̇lçeye özg bir hayvan semer
Amel;i̇shal
Anadut;üç parmak dirgen
Aralık;sokak
Ars;gelincik
Asartma;koruma al ağaç
Aşane;mutfak
Avgun;pi su boru
Avu;zehir
Ayakyolu;tuvalet
Aze;vücut organ
Badal;merdiven basamak
Badik;kaz yavru
Bağırdak;beşik ya çocuk saran bez
Bakrak;maden su kova bakraç
Balak;man yavru
Bandik;kat şalvar
Barama;i̇pek koza
Başlak;baş açık
Bayak;önç
Bazlambaç;tava yağl pişirilen ekmek
Becit;acel
Beh;kapor
Beleme;çocuk beşik yatır
Belleme;basma yapılan etek
Bennek;bencil
Betgu;kap dokunak konuşan
Bezek;kemer
Bıçaklık;ki
Bıçkı;ot biçme yarayan ağz testere bıçak
Bıldır;geçen yıl
Bikiyi;azıcık
Birader;erkek kardeş
Bişi;yak kızartıl küçük hamur parça
Bocut;tah su fıçı
Boduç;tah su fıçı
Bolat;sert
Borani;yumur yoğurt nane yapılan bir yiyecek
Bosdili;al ay büyük keç
Boyunduruk;öküz saban kağnı koşma yarayan alet
Bozgun;i̇shal
Böğür;göğüs
Böğürmek;sığır s çıkarma
Börddüme;haşla
Bun;bunal
Burma;musluk
Buymak;üşümek
Buzalacı;gep inek
Bük;küçük ağaç çal
Bürük;kar çarşaf
Cağ;beyaz kumaş torp
Cebiş;bir yaş büyük diş keç
Cergi;kendir bağlayarak demet halin getir
Cımcık;su
Cıngıroğu;zil
Cırcır;fermuar i̇shal
Cibillik;su çamur
Cicik;mem
Cicile;misket
Cimbek;sak kuş
Cimcik;kesm hamur yapılan yoğurt bir yemek
Cimin;küçük sinek sivrisinek
Cin arabası;bisiklet
Cip;hemen
Comba;erkek man
Cor;fı hastalık
Cula;küçük karg
Cücük;civciv
Çaldıratma;arp yulaf tahıl eleme yarayan alet
Çalkama;pekmez sulandırılma yoğurt yapılan ayran
Çapula;deri yapılan basit ayakkabı
Çaput;bez parça
Çaynık;çaydanlık
Çeç;saman ayrıl tahıl
Çeğle;küçük taş
Çehresiz;yüz gülmeyen
Çeten;kağn üzer konup saman kemr taşınan sepet
Çevirge;kağnı yüklenen yük urgan bağlayıp gerdirme yarayan alet
Çıkı;küçük bohç
Çırpma;kapusk
Çıt;basit kap anahtar
Çiğit;çekirdek toh
Çilte;uzun sop
Çimmek;boy abdes almak yıkanmak
Çokmak;köpek havlama
Çomça;ağaç yapılan su tas
Çor;tuzl su
Çostik;hayvan boy oynanan çocuk oyun
Çoştar;şeyl ilgilenen
Çotur;kıs boyl
Çöğdürçüş;tahterevalli
Çökü;başörtü yemen
Çötle;çeşm boru
Çuğul;yık
Çükündür;kır pancar
Dahra;sap kıs uç eğr kesiç alet
Daku;tak hedi
Dam;ahır
Daraba;tahta yapılan bahçe çit
Dansuklama;alay etm eğlen
Dırıtıvermek;söz dinlememek
Dapçuk;denges yers konuşan
Dastar;ara ekmek konan bez
Değirmi;yuvarlak
Temgeç;semaver demlik konan yer
Demin;önç
Deri günü;pazar gün
Dıravacı;sahtekâr
Dingildombalak;tep takl
Dingosuruk;çabuk kızan
Dirgen;uç çatal sop ziraat alet
Diri tutma;israr etm
Dişöğü;değirmen taş dişleyen çekiç
Dobak;boynuzs hayvan saç olmayan
Doğah;öküz söylen komu
Döğen;harman sap ezme yarayan alet
Dömbüldek;darbuk
Döngel;muşm
Döşşek;yatak
Dumoğu;nezl
Düvlek;olma kavu
Ebe;nen
Eğdişmek;biri uğraşmak
Elçi;eğitil hayvan
Elleğam;halde
Ellek;el çabuk becerik
Ellik;orak ek biçer parmak takılan ağaç yapıl bir alet
Emen;sebz ekmek açıl çukur
Emeksüz;evlatlık çocuk
Emme;hal
Emzük;yalanç mem
En güdük;sonunç
Endirek;çilek ağaç sandal ağaç
Enek;bilye misket
Erinme;i̇şi göz alma tembellik
Eski;bez parça
Esnek;demir yapıl uç sivr tasma
Eşikbaşı;balkon
Ezme;domates salça meyv marmela
Fasla;tatl dil
Feğülsüz;doyums açgöz
Ferik;piliç sincap
Fermanlu;kent beğen
Feşel;yaramaz çocuk
Fışkı;çöp
Filkete;çatal iğn
Firek;kilit
Fisil;küçük soğan
Fisürtü;i̇silek
Fitleme;kışkırt
Gadid;kur
Galaylama;sövm
Galtak;kötü kat
Gancık;diş hayvan
Gara Baldırcan;patlıcan
Garalık;siyah renk okul önlük
Garipseme;özle
Garuklu;buğday arpa beraber öğütülüp un yapılma
Gastarma;kor kolla
Gatık;yayık ayran süzül hali
Gavlağan;çınar
Gavurga;mısır patlak nohu su ateş pişirilme
Gayma;lira
Gebeş;göbek şişman
Gıcık;koy keçi genel ad davar çam kozalak
Gıdak;çocuk dil yumur
Gıgık;yumur
Gıncır Göbek;göbek salıncak
Gıngılik;tavuk ibik
Gıpti;cimr
Gırboğu;kurbak
Gırışma;sevin
Gırmızı Baldırcan;domates
Gırnap;siç ince ip
Gırnat;klarnet
Gısıruk;kapı aralanma
Gısmuk;cimr
Gış;kar
Gıymuk;küçük tah parça
Gıynaşuk;kapı aralık kalma
Gişi;erkek koç
Gocuk;kıs palto kaban
Gor;köz
Goruk;olgunlaş üz yabani üz
Govcu;laf taşıyan ispiyonç
Göbel;yet çocuk
Göcek;semer arka bulunan u şekl demir
Gök;mavi olma meyv
Gölbez;üç aylık büyük köpek yavru
Gölü;yük taşıyan eşek
Görebi;ağaç çal kesme yarayan uç eğr demir alet
Göynümüş;meyve ol hali
Gözer;buğday eleme yarayan alet
Gubak;çocuk oyun say
Gubarmak;horoz hint tüy açma
Gubat;kap
Gudret suyu;ilıç kapl
Gundak;ked yavru
Gunnacı;gep eşek
Gursak;mi
Gurumlu;kibir hava
Guytuk;çukur
Guz;güneş görmeyen yer
Guzulacı;gep koy keç
Güdek;çocuk oyun ep olmak kıs
Günüleme;kıskan
Güyoğu;damat
Güvez;vişn çürük bordo reng
Haluşka;hamur çorba
Halvet;hama odas
Hamdaysa;halbuki
Hapaz;avuç
Harar;büyük çuval
Hareket;depre
Havruz;lazımlık
Haydos;çalgıç
Hazitme;sevm
Hedik;aşure
Hereni;büyük tencer
Herkil;küçük ambar
Herlik;sincap
Homis;beleş bedav
Hopur;acuk tat
Hosul;patlıcan biber közleme
Hozan;verims tarla
Hödük;ürkek korkak
Hörpük;helva keş
Hörüklü;dol
Hös Hös;kalites iş yapan iş önemsemeyen
Hulgum;lok
Humatun;baykuş
Huycuklanma;şüphelen
Hüşümlenme;kork ürper
Ilıncak;bebek salıncak
Islak;ken ıslatılan havuz
Işgın;yen bitki sürg
Işıklık;tavan pencere
İçlik;pamuk iç çamaşır
İğdiş;erkeklik olmayan
İlistir;süzgeç kevgir
İnge;yeng
İslah;i̇yi güzel
İskembi;sandalye
İyeğü;kaburg kemik
Kalbur;buğday arp tahıl elem alet
Karaçağ;kağn üst konan kazık takma yük yükleme yarayan bir parça
Kaypak;hamur yapılan bir yemek
Kehle;bit
Keleçoş;kendi ilgilendirmeyen işler uğraşan
Kelem;beyaz top lahan
Kelemaşı;kapusk
Kelibik;i̇bibik kuş
Kelik;basit bağ ev kulüp
Keltek;esk ayakkabı
Kemüre;hayvan pislik gübr
Kendürük;hamur tekne alt konan der altlık
Kenef;tuvalet
Kepçük;dişs çirk
Kesmük;meyv artık
Keşik;sır
Kevgür;su kabak yapılan ta
Kırık;sıp
Kırma;melez
Kiren;kızılcık
Kirtik;küçük sabu
Kombez;kestane kebap
Koruk;yabani üz
Kömüş;man
Kör Cimbek;serçe küçük kuş sak kuş
Kösüre;bal bıçak bilek taş
Kupay;tavşan avcı kıs boyl bir köpek tür
Küflek;tahta yapıl kov
Küsküt;saç ekmek pişirir çevirme yarayan alet
Küt İskembi;küçük oturak
Lığlak;arazi akıtılan su ince toprak gelme
Lom Sözlü;kap kırıç insan
Lorç;ıslak
Makat;se
Mandal;kap kol
Marsuk;yan kömür
Maşrapa;büyük su tas
Maymun;topaç
Mazak;aç olma meyv
Mazı;kağn tekerlek bağlantı sağlayan parça
Mecek;küçük çap
Mengül;halk bilezik
Mertek;uzun ağaç keres
Merzimen;merdiven
Metel;bilme
Mıh;çiv
Mıhlama;yumur kıym ıspanak patates kullanılarak yapılan bir yemek
Mırık;küçük domates soğan yemek
Mıtırıp;cimr
Minik;yen dok köpek yavru
Motur;traktör
Mumbar;hayvan bağırsak
Muşma;yumruk
Namazloğu;seccade
Natır;kat tellak
Nevazil;nezl
Nızla;asap
Nodul;övendere uç çiv
Nüzül;felç inm
Okloğo;hamur açma yarayan alet oklav
Orak;ek biçme yarayan hilal şekl sapl alet
Öğendere;öküz idare etme kullanılan değnek
Öğsü;yanan odun parça alet
Öllük;bebek beşik alt konan toprak
Ömürdoğdu;gökkuşak
Önük;köpek
Örsün;hamur parçalama yarayan alet
Örüm;koy sürü geç otlatılma
Ötürek;i̇shal
Öyükmek;çamur batmak
Özgü;türk
Paçur;kirl yır elbise sünep
Pahal;cimr
Parpu;uzun ince sop
Pakla;fasulye
Papara;bayat ekmek et suyu yapılan bir yemek
Paya;öfk kapris
Pelüze;nişas şeker sıcak su yapılan bir çocuk yiyecek
Penek;küçük ahır pencere
Peşgir;adi kumaş yapıl havlu
Pırtı;basm benzer bez
Pıtmıt;yuvarlak kal sac ekmek
Pıtpıt;yuvarlak kal sac ekmek
Picikme;şüphelen huylan
Pin;küçük tavuk küme
Pinti;cimr
Pişirgeç;üçayak demir
Pokluk;hayvan gübre depolandık yer gübrelik
Potin;der ayakkabı
Poymak;kaçmak
Pöç;kuyruk sok
Pöre;kiremit su boru
Puğu;dövül nohut şeker karış yapılan bir tatl
Puta;baş örtülen çarşaf
Püsürgeç;sac ekmek pişirir çevirme yarayan alet
Reçber;çiftç
Sacayak;ocak üzer kap konulan üçayak demir eşya
Sadır;eşek sidik
Saku;ceket
Salakana;başıboş gezen sahips köpek
Samaruk;turp sebze iç boş olma
Samsa;büyük tatl börek dil
Savak;değirmen oluk
Sef;yanlış
Seğirtmek;koşmak
Seğrilce;eşek sinek
Seme;kent olmayan
Seten;bulgur dövülen büyük değirmen taş
Seyis;kısırlaştırıl erkek keç
Sığırtmaç;köy sığır çoban
Sıracalı;bulaşık bela
Singil;beleşç yanç
Sirke;bit yumurta
Sitil;küçük bakraç
Sivrik;ekin yen bit hali
Soğukluk;sem ot
Soğutmaz;termos
Soku;bulgur dövülen iç çukur taş
Soluğan;eşek iyi nefes alamama
Som;ekin saman dane karış
Somak;tane al mısır koçan
Sot;topaç
Suğlu;çevir yapılırken kaz kuzu orta takılan demir ağaç sop
Süngüt;semaver demlik oluşan kireç
Sürgüç;bulaşık bez
Sütlü;sütlaç
Şakşak;kap tokmak
Şallak;dons
Şerefiye;patlıcan oturtma
Şibi;kaz ördek yavru
Şirnimek;şımarmak
Şişek;bir yaş diş koy
Şişük;şımarık
Şoşalak;şaşır yaptık bilmeyen
Taslama;övün
Tazı;uzun bacak tavşan avcı bir köpek tür
Tebelleş;sürek sataş
Temgeç;semaver demlik konulduk yer
Temşüt;sahur
Terece;raf sergen
Terki;a ik kiş bini ikinç kişi oturduk yer
Tevek;sarmalık üz yaprak
Tınaz;ek yık
Tapan;arazi düzle toh kapatma kullanılan alet
Tınık;geniz konuşan
Tırıl;sinir kiş
Tırpan;ek ot biçme yarayan ağz uzun alet
Tıylak;tay
Tinkos;alıngan çabuk kü
Tohna;şişman kıs boyl
Tokaç;çamaşır yıka sopa
Toklu;yaş değm erkek kuz
Toktok;i̇nce bulgur yapıl pilav
Tök Tök;hint
Tufa;çen
Tumman;uzun
Tüğül;sap birbir bağlan meyv deme
Uğra;ekmek yaparken hamur yapış kullanılan un
Uğut;buğday yapılan tatl
Ulaşık;nişan
Urba;elbise giys
Üğü;baykuş
Üleş;leş
Üleşme;paylaş taksim
Ütme;ateş piş taze mısır
Vizik;güverç yavru
Yaba;kürek şekl uç parmak harman alet
Yağazlama;buna
Yahni;su salça et yemek
Yal;hayvan un kepek karış hazırlanan su yem
Yanuç;yengec
Yangabuz;aksi kiş
Yanşama;tekrar tekrar söyle
Yaşmak;başörtü bağla şekl
Yavşuk;bit yumurta
Yayık;yoğurt süt yağ çıkarmak kullanılan
Yemişen;trabzon hurma
Yeşilistan;kertenke
Yıldamcı;yıl doğuran hayvan söylenir
Yıluk;şaş
Yoka;yufk i̇nce
Yumulak;saklambaç oyun
Yumulmaç;saklambaç oyun
Yunak;çamaşırlık
Yüklü;gep
Yüklük;yatak konulan dolap
Zağar;başıboş gezen sahips köpek
Zahir;halde
Zahra;yemeklik tahıl
Zarzalak;leylak çiçek
Zavrak;salatalık
Ansara;sonr
Asta;has
Ayazlık;ev alt kat oda açılan genişç alan
Aygülü;ayçiçek
Bacık;kaplumbak
Bare başı;raf
Bıçkı;tester
Bre;bayan erkek hitap şekl
Çal;orman
Çançük;çekiç
Çiçirişka;sincap
Çikilinga;bir kuş tür su kuş
Dayama;tüt kuruturken kapı dayamak kullanılan yaklaşık ik metr
Dolak;etek
Dolama;gömlek
Domati;domates
Dumoğ;grip hastalık
Encek;ked köpek yavru
Fetoz;kadın bir baş örtm şekl
Fıta;önlük
Gazdirik;gams keders boş gezen
Gıba;mantar
Gurçilik;tahterevalli
Gusturga;küçük kertenke
Hanay;ev ikinç katı
Haran;tüt kapı konulduk kapa yer
Harim;ev ön bahçe avlu
Havur;ahır
Hevenk;i̇pe asıl kurutul tüt bak
Kadi;yeng
Kakava;çitlembik
Kandak;tarla sınır birbir ayıran yükseklik
Kavkaz;mısır sap kesildik sonr toprak kalan kıs an
Kevik;tüt hevenk asıldık kanç askı
Kırasnak;yemek yer sini alt konan kasnak
Kukumağuk;baykuş
Kırma;havlu
Kızan;çocuk
Kiya;ağaç dal tu uç kıs
Kobak;mısır tane yendik sonr kalan kıs
Koçur;fın ağaç dal örül iç mısır konan ambar
Kolapana;çocuk bez
Kompil;patates
Kotar;koyun yattık yer
Mancar;kertenke
Mari;kadın kullandık bir hitap şekl
Masaf;sin
Memişhane;tuvalet
Mısandıra;duvar iç gömm dolap
Mostura;kötü kötülük örnek
Pelik;saç örgü
Pırtı;elbise
Polak;su tas
Porta;sokak
Saya;kadın dışarı giydik siyah renk uzun giyecek
Sergen;kuru mısır depolandık ambar biçim yap
Sevte;i̇lk
Şami;beyaz tülbent
Şeyka;çiv
Tahnal;taflan
Tekme;hayvan su içtik yalak
Tete;teyz
Tibacık;uzak görülen bir yer eşya göstermek söz
Yanbacık;yengeç
Yasla;hayvan yem döküldük yer yemlik
Yastavuç;üzer yufk hamur açılan tah
Yemeni;lastik ayakkabı
Yeyin;hafif
Yıram;kil
Zare;kuru mısır sap
Zelnik;semizo
Zıyrangıç;kar yağdık kızak kayılan yer
Zifir;tüt zift
Zifirlik;sade tüt kıyarken dizer giyilen giys
Gözee;güzel
Töbosun;tövp ols
Gali;gari anlam
Haşheşli Gözme;haşhaş gözle
Tarna;tarhan
Deli Tandır;odun soba
Gelyon;geliyor
Gityon;gidiyor
Yapyon;yapıyor
Kesyon;kesiyor bun birçok örnek çoğaltılabilir
Büber;biber
Kompil;patates
Irmızan;ramazan
Üsen;hüsey
Gayınna;kaynan
Şerfe;şerif
İbram;i̇brahim• gıııııı bayan seslenmek amaç söylenir
Lenn;erkek hitap seslenmek amaç söylenir
Dada;çocuk
Badılcan;patlıcan
Kesdene;kestane
Gayınpeder;kayınpeder
İlyen;leğen
Sıfra;sofr
Sıfraaltı;yer sofra alt serilen örtüyayg
Curuk;hint
Mezerlik;mezarlık
Ünnemek;çağırmak
Erkeç;keç
Gemiyonuzmu;gelmiyorm bur n harfi damak vurgulanacak
Galdırımcı;kaldırımç yol iş yapan usta denir tepecik a meslek
Deze;teyz
Enkini;elin on anlam söylenir
Napyon;napıyor haber nasıl anlam kullanılır
Gıdaagadaa;kadar
Dartvicenmi;tartıverecek
Bizimoğlan;öyl bir kel açıklama dahi zor bazen yak erkek akraba
Bizimgız;yukaru değişik
Nigıdanegada;kadar
Gaktırıvee;i̇tele i̇tekle
Vaa;var
Acıktan;birazdanbiraz sonr
Gara benizli;esmer yüzl
Çapar;sar saçlısarışın renk göz denir
Hökümat;hükümet
Hinciki;şimdik
Köv;köy
Goley;kolay
Köthaya;kütahya
Sıpıtmak;fırlatmakileri atmak
Gıyneşve;hareket etdavran anlam
Ünnemiş;seslenmişçağır
Urlara;ora
Burlara;bura
Ge Bure;bura gel
Hişdamma;sess ol sus anlam
Eyyaha Bag;vallah bak bir söz genel bayan kullanır
Bihoş;bir tuhaf
Mayhoş;ekş
Gündöndü;ayçiçeğiçekirdek
Dee UrdaDee ha;ta ora
Iscak;sıcak
Aha Boo;i̇şte
Emme;fakat
Çekişmek;kavg etmek
Cereme;cezakülfet
Gayıl olmak;raz olmak
Sası;yavantuzs
Avara;gevşek i̇şe yaramaz
Apışmak;öyle kalakalmak
BöğürBörün;göğüs göv
Bürünmek;örtünmek
Çıngırdak;zilçan
Çapıt;çaputbez
Çıkı;mendil ya bez torp
Dürü;gel hedi bohça
Ecinni;şeytanci
Engücü;enin sonundanasıl ols
Erinmek;üşenmek
Gaçıl;kenar çekil
Havas;hevesmerak
Hırt;olgunlaşmamışçiğ
Hinci;şimt
Gav gibi;hafif
Masus;şak
Mayışmak;gevşemek
Muzur;aksi yaramazafacan çocuk
Müdane;minnettenezzül
Narasın;ara yokmevcut değil
Sumsuk;yumruk
Süsmek;büyükbaş hayvan insan boynuz itekleme
Şinik;tahıl ölçek
Marma;havlu eski derdigenç pek bilmez
Urba;elbise
Yüklük;yatak yorga yığıldık dolap yer
Zıbarmak;uyumak
Emmi;am yen nesil ar emm hitap kullanmıyor
Goyve;koyuverbırakıver
Baken;baka
Dartvicenmi;tartıverecek pazar
Alvicenizmi;alıverecek
Açıvicenizmi;açıverecek
Nolcek;olacak
Nigada;kadar
Musfa;mustaf
Sadıç;sağdıç
Kemkirmek;şımarmak
Badılcan;patlıcan
Göveç;güveç
Bönelek;konuşma bön bön bakan denir
Uluk;bir iş beceremeyen denir
Samsak;sar
Örtme;eski kadın baş giydik koy renk bir çeşit yöresel ört
Enteri;entarigömlek
Bıza;buzak
Malak;man yavru
Gatık;katık kurutul yoğurt esk geleneksel yiyecek
Alma;elma
Yunmak;yıkamak
Yülütmek;traş ettirmek
TemmiçTemmiş;sahur vakti ramazan
ÜleşmekÖleşmek;paylaşmak
AbuuAboo;aşırılık ifade etmek ünle söz
Anız;biçilen buğday tarla kalan kökl sap
An;tarla sınır
Böğün;bugü
Barabar;beraber
Dıngılmak;otururarak hafif yan yatmakyan yuvarlanmak
Fistan;basma yapılan kat elbise
Gara;kar siyah
Gursak;boğaz kur
Göynüm;gönl
Gıran;salg hastalıkkenar
Garannık;karanlık
Garez;kin
Hadibakam;hadi göre
Hana;hani
İcar;toprak kira
Köfün;büyük sepet
Gıt;kıtaz
Kurdeşen;allerj
Galbır;büyük gözenek elek
Kile;buğday ölçülen kilo alan kab
Gama;uç eğr sivr olan bıçak
Mintan;sır giyilen kıs elbise
Nacap;
Okka;kile sekiz bir ifade e ölçü kap
Paklamak;temizlemek
Potin;bot
Poçu;atkı dolak düğün damat şağdıç omz takılır
Peşkir;önlükmendil
Seğitmek;koşmak
Zini;sofra üzer yemek konulan geniş yuvarlakteps
Velesbit;bisiklet
Zeree;on dola ben farketmiş zaten anlam
Barak gafalı;saçl dağınık kaf
Göğer;sebzeyeşillik yiyecek
Çebiççepiş;yaş keç yavru
Tınlamıyor;cansızharekets
Gocuk;palto
Yamani eyi osun;oh olsunmüstehak on
Şinik Gafalı;koç kafa kafa büyük olan anlam
Mile;misketbilye
Gara Gazoz;coç col nın yöresel tabir
Beyaz Gazoz;sade gazoz
Püsgevit;bisküi
İme;em tembih söz
Zartlak;şişkoşişman
Mıymıntı;ağır davrananbeceriks
Yedek;çay demliğisu demlik anlam
Gorcu;köy korucu
Vesayit;vasıtaaraç
Çay guymak;çay koymak başka yöre çay dökmek denir
"Yöresel Kelimelerimiz ve Anlamları 
 
 
A 
A 'am";ağabey
Abdal  Aşı;karışık
Abdal;çingen
Acer;yen
Acık;biraz azıcık
Acışmak;aç duymak
Açacak;kap kili anahtar
Adıbeli;bari
Ağız;kesik süt
Aha;yak
Akraz;ahraz dils
Akkeze;baston
Alayı;tüm
Allefçi;tahıl eleyen kimse verilen is
Amadan;teps
Ambelbeter;bun kötü
Angeslek;bilerek kasten
Apal;ağaç ik dal birleştik yer
Arasa;tahıl satılan yer
Araya ( Ariye ) vermek;birşey bozulma
Arbaha;çarşamp
Arbet;çirk
Arıp;asm
Asas;esas öz
Aspab;günlük hayat kişi üzer giydik elbise
Aşam;akşa
Aşgün;atkı boy bak
Avadanlık;hediyelik eşya
Avra;ev kat
Ayel;han kar
Atepsiz;doğacak bebek sağlık doğma söylenen söz
Ayret;yakışmayan uymayan
Azap;bir yılık tar işçi
"Yöresel Kelimelerimiz ve Anlamları 
 
 
B 
Baa";ban
Bakdeniz;maydonoz
Balcan;patlıcan
Balhımak;sancımak
Barabar;beraber
Bardak altı;çat katı
Basamak;sabit merdiven
Bastık;pekmez kurutulma yapılan bir tür tatl
Başire;pazarlık
Bayakleyin;biraz önç
Baynamak;vermek yöre abdal kullandık söz
Bayramcalık;bayra alınan kıyafet
Bazlama;saç pişirilen ekmek
Beçare;biçar çares
Beleş;bedav
Belleda;kirl su aktık kanal
Berduş;boş gezen serser
Berkitmek;sıkıştırmak
Bes;sade
Beyle;böyl
Bıçkı;tester
Bıldır;geçen sen
Bıldırkımı;geçen senek
Bi  kelle;bir ker
Bi sohum;bir lokm
Bilot;
Binan;bir
Bön;bugü
Börkmek;malç dur iyileşmek zenginleşmek
Bum;çocukluk dil su anlam kullanılır
Buyan şerbeti;meyan şerp
Buymak;üşümek
Bük üzümü;böğürtlen
"Yöresel Kelimelerimiz ve Anlamları 
 
 
C  
Cahal";cahil
Cahannamın Dibi;cehenne dip beddu
Calp;sıvı sıvılık derece belir sıfat
Camız;bir ök çeşi
Cardın;büyük fare
Carıs;rezil
Cartlak kebabı;ciğer kebap
Cercer;tahıl sap ayıran kesiç alet
Cereme;karşılık ceza
Cıbartmak;kızartmak
Cımalamak;tırmalamak
Cımcıllık;ıslak
Cıncık;kırık cam parça
Cırnak;tırnak
Cırtatan;kırsal bölge yetişen yabani meyve olan bitki
Cıvık Yemek;türl su yemek verilen is
Cıvır;güzel alım kız yöre abdal kullandık söz
Cızzık;çizg
Cibeltmek;şımartmak
Cillop;güzel
Cip;aşır
Civelek;arazi olmayan köyl
Codar;sakat
Cor;bir kişi karşılık sohbe
Cor Etmek;karşılık konuşmak
Cullub;çocuk misket oynamak yer kazdık çukur
Culluk;hint
Curun;havuz
Cücük;civciv
Cümbür Cemaat;beraber topl
Cümle Kapısı;ev dış kapı sonr iç bulunan kapı
"Yöresel Kelimelerimiz ve Anlamları 
 
 
 
Ç 
Çağla";badem
Çakıldak;a eşya biriktirilme
Çapımak;gevşemek
Çaput;gereks bez parça
Çarpana;esk ayakkabı
Çatı;kadın su taşımak boyun astık alet
Çatma;üç ayak askılık
Çeçeretsiz;beceriks
Çelem;şalga
Çelet;afacan
Çemkirmek;bağırmak azarlamak
Çıbık çalmak;el çırpmak
Çıkın;ekmek sarılan bez bohç
Çıkla;sade
Çızma;çizm
Çillek;açgöz görgüs
Çimmek;banyo yapmak
Çinke;bir tuta
Çirtikli;süsl mecazen fark fark huy olan insan
Çotura;büyük bidon
Çömçe;servis kulanılan büyük kaşık yemek kepçe
Çörten;çatı akan su yönlendiren oluk
Çul;gerekmez hal parça
Çullama;lahmacu börek vb iç harç fazl olm dur
"Yöresel Kelimelerimiz ve Anlamları 
 
 
 
D 
Dabaz";kaş
Dabaz;kurdeşen
Dahre;ağaç kesmek kullanılan alet
Damdıra;saz
Darı;mısır
Darı sapı;koçan
De valla;vallahi mi sahi mi
Değne;bakmak i̇ncelemek
Dehliz;sokak
Delip;bulgur değirmen
Depelemek;ayak ezmek
Depik;tekm atmak
Depme;bidon
Dereme;topaç
Dezze;teyz
Dıbık;yapış yapış
Dıhız;i̇stenilenden fazl
Dıkılmak;kapa kalmak bunalmak
Dımdızlak;yaln kalmak
Dımışkı;üz
Dırabzın;merdiven korkuluk
Dışlığı gelmek;can sıkılmak
Dilliklemek;karıştırmak elin sürmek
Dilme;üz su nişasta yapılan tatl
Dinelmek;ayak beklemek
Dişlen;diş ön çıkmak
Dolak;kadın namaz kılarken baş bağladık beyaz eşarp
Dolbak;baş açık
Dombalak;takl
Don kazanı;çamaşır kaynatmak yapıl kazan
"Yöresel Kelimelerimiz ve Anlamları 
 
 
Döğme";buğday yapıl keşkek
Döş;göğüs
Döşün Tahtası;göğüs kafe ön yüz
Dulda;gölg
Duluk;şaç favori fayil
Duz ölbesi;tuz koymak tahta yapılan kap
Dürbeke;darbuk
Dürüm;pide iç yemek konulup yuvarlan hali
"E 
Ebe";hal
Ede;erkek kardeş
Eer;
Efen;kalites
Eğleşmek;vakit geçirmek gönül eğlendirmek
Elden ayrıksı;fark duran
Eletmek;götürmek
Ellem;galiba
Ellik Gavuru;ermen
Elöpen;kertenke
Ergen;genç kız erkek
Esikcaz;kat kullanılan bir tabir
Esnaf servesi;esnaf bazen dükkan kapatarak yaptık piknik
Eşmarlaşmak;i̇şaretleşmek
Etee esik;kat kullanılan bir tabir
Ev ekme;ev yapıl yufk şekl ekmek
Evergeç;ekmek yapmak kullanılan şiş
Evermek;evlendirmek
"Yöresel Kelimelerimiz ve Anlamları 
 
 
F 
Faal";tarla işçi
Fanus;gemiç fener
Fartçı;pekmez yapmak üz tepeleyen kims
Felee;felek felek
Fenikmek;fenalaşmak
Fermene;kat yelek
Fıhara;fakir
Fıharacaz;zaval
Fıslak;ezik özgüvens
Firez;ekin biçil tarla
Firik;buğday yaşken ateş geçiril hali mecazen akl olgunlaş kiş
Firik Pilavı;firik yapıl yöresel pilav
"Yöresel Kelimelerimiz ve Anlamları 
 
 
G 
Gadan baa gele";dert ta ban gels san bir olma
Galaba;kalabalık
Galle;par kasa
Galledar;kasiyer
Ganına belenmek;kan bulanmak ölmek
Ganne;şiş
Gap  Gacak;mutfak eşya
Garaltı;ev eşya
Gaspadancak;zorl
Gatrembiz;kavonoz
Gavırga;patl mısır
Gaz ocaa;i̇çine gaz konularak çalışan bir ocak
Geçi;keç
Geden ay;geçen ay
Gine;yin
Genler;kendi
Gergah;gergef
Gergeç;çamaşır serilen ip
Gıdım;biraz
Gıhırdak;tahta yapıl büyük bıçak
Gıygıcı;kemanç
Gidişmek;kaşınmak
Godurtmak;bırakmak salmak
Golçu;bekç
Goop;koğuş
Göbelek;mantar
Göre;güya
Götümlenmek;gereks yer kapris yapmak
Göyün;gönür
Gudduk;kıs boyl
Gundi;köyl
"Yöresel Kelimelerimiz ve Anlamları 
 
 
Guru yer";üzer ört olmayan yer
Guvarmak;bırakmak
Guzzulu gurt;kuz kurt kaps
Gülle;misket
"H 
Habbab";takunya
Hacet yeri;yatak yorgan vb yer
Haftan;bindal
Hakeke;bir çocuk oyun
Hakiye;hikaye
Hakmet;hikmet
Halfe;hadem hizmet
Hallik;yöre bir koy tür
Hamadan;teps
Hameyli;gümüş yapılan bir tür kolye
Hamıt;atlar boyn geçirilen boyunduruk
Hampara;büyük beyaz sert taş
Hanek;konuşmak
Hanen uludu;gereks konuş
Hanifi;musluk
Haphap;takunya
Hara;nere
Haradan;nere
Haraf;bakıms
Haral;kıl yapıl büyük çuval
Harbul;tahıl elemek kullanılan elek
Harpandak;ani
"Yöresel Kelimelerimiz ve Anlamları 
 
 
Hartık hurtuk";eğr büğr biçims
Has;marul
Hasıtlamak;kıskanmak
Hasraf;tarla baş açılan büyük kuy
Hasut;kıskanç
Haşlamak;pişirmek
Havara;ev yapım kullanılan bir tür kireç
Hayad;bahçe
Hayce;hati
Hayir;i̇ncir
Hayla;
Hazne;ki
Hazvel;korlan ateş
He;evet
Heç;
Heke;ek bil
Heyye;evet
Hım;bina teme
Hımsıma;yemek tadı bozulma
Hırhız;hırs
Hısım;akrap
Hış olmak;yorulmak
Hille;hal
Horanta;ail fert tüm
Hökelenmek;sinirlenmek
Hönüsü;bir üz çeşi
Hörü;git
Hösgüt;susuk
Hösmek;susmak
Hösün;hüsey
"Yöresel Kelimelerimiz ve Anlamları 
 
 
I 
Ihtıyar";i̇htiyar
Ismariç;sipariş
Istıfıl ol;allah sen biliyor öyl yaps
"İ 
İdara çıra";gaz lamba
İginyik;dizanter
İliklemek;düğme kapatmak
İnce;orkestra
İtedi;ekmek yaparken üzer un konulan bez
İvez;sivrisinek
İzar;kar çarşaf
"K 
Kabala";süre olma yapılan iş
Kahge;ramazan bayram yapılan yuvarlak sert simit
Kalem açkı;kalemtıraş
Kalo;yaşl ada
Karabalık;çamur balık
Karsambaç;pekmez kar karıştırılma yapılan soğuk tatl
Kasmak;kanaviç yapım kullanılan alet
Kastel;çeşm
Kazzık;hayvan bağlamak yer çakılan kazık
Kekil;kahkül
Kelep;i̇p yumak
Keneyi;i̇nadına
Keyek;i̇çmek
Kızını satma;kız evlendirmek
Köm etmek;toplamak biriktirmek
"Yöresel Kelimelerimiz ve Anlamları 
 
 
Körleme";kör kör bilme
Kösne;köstebek
Kösnük;i̇şe yaramaz
Kulp;bahane
Kübban;bir pi çeşi
Küf;takke
Künefe;kadayıf
"L 
Laylon";traktör römork
Lırık Çıra;zeytinyak konulup uç ateş yakılan alet
Lod;taş demir yapıl sil alet
"M 
Maamed";muhammed
Maasım;gariban
Maayer;kalite
Madda;büyük çukur
Made;mi
Mahmıl;duvar iç yapıl dolap
Mahra 1.;sebz kasa
Mahra 2.;derinlik olan kas
Maklap;samanlık
Malhıta;kır mercimek
Masammak;merdiven basamak
Maşara;tarla sulama oluşturulan alan
Maşraba;sürahi
Mekine;kamyon
Meses;uç demir sop
Meymenetsiz;surats
Mıh;çiv
Mıhrı s;cimr
"Yöresel Kelimelerimiz ve Anlamları 
 
 
Mırrık";çamur
Mısmıl;düzg
Mil;örgü şiş
Mintan;gömlek
Miskilim;güzel
Mişmiş;kayısı
Mumbar;dolm yapım kullanılan bağır
Mundar;bozul
Mutlak;musk
"N 
Nacar";marangoz
Nahır;büyükbaş inek sürü
Namtı;saps bıçak
Navaht;zaman
Neçe;niç
Neçeye;kaç par
Nış;hafif neml yer
"O 
Odartmak";onarmak
Odurlamak;hırsızlık yapmak
Ofurtmak;abartmak
Okla lomba;flor lamba
Oldoo;olduk
Ovadancak;zaman kadar
Okuntu;daveti
Ortancıl;orta
"Yöresel Kelimelerimiz ve Anlamları 
 
 
Ö 
Ödünlü olmak";kork kiş
Ökenmek;biri konuşma taklit etmek
Öksemek;özlemek
Ölbe;tahta sil şekl kap
Örklemek;hayvan atlanma yer bağlamak
Örtme;bir nevus balkon
Öteberi;muhtelif eşya
Ötee;ötek
Övez;sivrisinek ivez
"Yöresel Kelimelerimiz ve Anlamları 
 
 
P 
Paskıl";kantar
Patlak;plastik su bidon
Pandir;peynir
Perçem;saç ön kısm
Peybaz;sala
Pin;tavuk küme
Pisik daşaa;bir tür tatl
"Pantolon 
Pöç";kalç
Puhara;baç
Pusmak;diz çöküp oturmak
Pisik;ked
Pürçüklü;havuç
Pırtmış;kop ayrıl
Püssük;ked
Pirpirim;sem ot
Pert;bit tüken
Pecmurde;pasak bakıms
Rafık;arkadaş
"Yöresel Kelimelerimiz ve Anlamları 
 
 
S 
 
Saa";san
Saan;tabak
Saası;küçük kürek
Saep;sahip
Sahden;gerçek
Saho;ceket
Sahre;piknik
Sallama;kalı yapıl ekmek
Samsak;sar
Sangalaç;tahterevalli
Sarat;kum eleme kullanılan elek
Savan;sofr bez
Savup da get;defol git
Saya;i̇ş önlük
Sebil;bedav
Seki;bahçe ev yapılan yük oturak
Sele;çamaşır konulan plastik sepet
Sellif etmek;ortalık düşürmek
Sen saa ii bak;kent iyi bak
Serpene;bak üzüm kaldıran çatal sop
Sındak;kuyt köş
Sındı;makas
Sıyıpmak;kaymak
Sıypancak;kaydıraç
Siftah;i̇lk
Sigeç;bahçe kenar çit
Silece;hayvan üzer asılan iç eşya konulan sepet
Sille;tokat
Sini;teps
Sitirli;tertip düzen
"Yöresel Kelimelerimiz ve Anlamları 
 
 
Soklanmak";söylenmek kızmak
Soku;bulgur ezmek taş yapılan yer
Somya;kanep
Sona;sonr
Soyha;günlük yaşa kullanılan kıyafet
Söbelek;mısır koçan
Söhür;sahur
Söörme;közlen patlıcan yapılan yemek
Sufra;sofr
Sulama;şeker yağ hamur yapılan tatl
Sumadı barabar;su çıkan kadar
Sumsuk;yumruk
Süllüm;tah merdiven
Süyük;saçak
Sehlik;salak
Sası;kok bozul
Sındı;koy kırp maka
Simüt;köftelik ince bulgur
Soytarı;başıboş boş gezen
Siter;tarla ince uzun kesit
Sülha;sürahi
Silik;arsız utanmaz
Süzünmek;nazl bir tavır somurtmak
Siftinmek;elbise iç vücut kımıldatarak kaşınmak
"Yöresel Kelimelerimiz ve Anlamları 
 
 
Ş 
Şabşak";bir litrelik plastik sürahi
Şahıl;eşek üst asılan su taşımak kullanılan bidon
Şak;yolluk şekl dok ince uzun kil
Şamşa şakımak;pırıl pırıl parlamak
Şarmıta;ahlaks
Şarpa;eşarp
Şimel;avuç
Şimellemek;avuçlamak
Şindi;şimt
Şorak;tuzl
Şaplak;tokat
Şiksiz;becerik beceriks
Şırrik;salya
Şırdan;bağır dolma
Şorcu;dedikoduç
Şorba;çorp
"Yöresel Kelimelerimiz ve Anlamları 
 
 
T 
Tabaat";huy
Tabaka;i̇çerisine tüt konulan kut
Tada;pencere alt kısm kenar
Taharlak;makara
Talgın;ölen kimse defnedildik sonr baş geçip du etmek
Tamah;bencil cimr
Tamana;i̇şte bur
Tandır;köz halin ateş kenar yapıştırılarak yapılan ekmek
Toplama;bir çeşit ekmek
Tarpadak;ansız ani
Tas;bardak
Taşkala;telaşlan dalga geçmek
Taykeş;i̇kizlerin beyn birbir fark olma
Tebelleş;sataşmak
Telbis;kendir yapıl çuval
Temetos;domates
Terşi;el ip eğirmek
Tiyek;asm fidan
Topaç;et yumruk büyüklük ayrılıp pişiril şekl
Tosbağa;kaplumbak
Tüsbeh;tesbih
Tinbeat;tit
Tıpırt;yapışkan
Toslak;tombul
Tulluk;şişman
Teber;abdal
Tokan;sigar
Tirrek;cimr
Tırşik;yılan yastık ot
"Yöresel Kelimelerimiz ve Anlamları 
 
 
 
 
U 
Umsuluk olmak";istenilen bir şe ulaşamamak
Utuzmak;yenilmek
Uvunmak;şiddet bir aç tesir nefe kesilir olmak
"Ü 
Üdürgü";matkap
Ütmek;yenmek
Ütülmek;yenilmek
"Yöresel Kelimelerimiz ve Anlamları 
 
 
V 
Vırvırık";i̇shal olmak
Vırccık;vıcık
Vırccığı çıkmak;vıcık olm dur i̇çi dış çıkmak
Viiy;aman tanr
"Y 
Yaalık";mendil
Yalbıdak;çıplak
Yaldır cıplak;yar çıplak
Yalyanak;çıplak ayak yal ayak
Yannık;ayran yapma yarayan alet
Yarlık;önlük
Yavan;çirk
Yazalamak;yüze yaymak
Yazlık;dam
Yekinmek;kalkıp fırlamak
Yemeni;deri yapıl ayakkabı
Yenice;yen ekil bağ
Yenlice;hafif
Yıllık bırakmak;hafif aç bırakmak
Yırak;uzak
Yumak;yıkamak
Yunmak;banyo yapmak
Yörep;dağ yamaç
Yukalmak;i̇nceleşmek
Yeyken;par
"Yöresel Kelimelerimiz ve Anlamları 
 
 
Z 
Zahter";kekik
Zahvur;kurutul sar çiçek
Zanbırlamak;kızmak öfkelenmek
Zembil;lastik yapıl sepet
Zevzir;küçük siyah renk göçmen kuş
Zırza;kap sürgü
Zibil;hayvan gübre
Zogumlemek;sinirlenmek
Zongurtulu;öfke kızg
Zubun;kadın giydik boy elbise
Zatene;zaten
Zaar;herhalde
Zıllımak;oyun bozanlık yapmak
Zırtto;yaramaz çocuk
Zırlamak;bağırmak
Zırrık;del mecnu
Zumzuk;yumruk
